id,date,vn_position,vn_stream_count,global_position,global_stream_count
014DA3BdnmD3kI5pBogH7c,Total,,21656904.0,,
014DA3BdnmD3kI5pBogH7c,Peak,4.0,32783.0,,
015GG73Q1VmvLAiPIF1w8O,Total,,56293.0,,
015GG73Q1VmvLAiPIF1w8O,Peak,126.0,31808.0,,
015cWxefajYwEUZodBvpfn,Total,,1056112.0,,
015cWxefajYwEUZodBvpfn,Peak,36.0,61730.0,,
01WDJ9gcaXFuNzY5ir9CaE,Total,,1713175.0,,
01WDJ9gcaXFuNzY5ir9CaE,Peak,3.0,31330.0,,
031jyNUkkD02vrkgZDGJxu,Total,,7621754.0,,
031jyNUkkD02vrkgZDGJxu,Peak,1.0,44831.0,,
04Mm3BineGdy0oNv8NivQT,Total,,2167298.0,,
04Mm3BineGdy0oNv8NivQT,Peak,2.0,50469.0,,
04bm7NsIhRfTlLGDoKMEw8,Total,,3508535.0,,
04bm7NsIhRfTlLGDoKMEw8,Peak,2.0,43016.0,,
05X3a0YGmS1rbH50aL8lGF,Total,,14491428.0,,
05X3a0YGmS1rbH50aL8lGF,Peak,7.0,45148.0,,
05mKTB04qMaCRHwuVf9HGv,Total,,217176.0,,
05mKTB04qMaCRHwuVf9HGv,Peak,62.0,13207.0,,
0669gFIK8dYK9GGQ0K0QNF,Total,,10421833.0,,
0669gFIK8dYK9GGQ0K0QNF,Peak,5.0,142778.0,,
06mzDTYkBVBfWlzinhom9I,Total,,40979.0,,
06mzDTYkBVBfWlzinhom9I,Peak,98.0,13833.0,,
07b849p3xuq03EdlAo4CKX,Total,,6839873.0,,
07b849p3xuq03EdlAo4CKX,Peak,33.0,23907.0,,
07d8eaOuAWdC0DANq3tdPd,Total,,7062286.0,,
07d8eaOuAWdC0DANq3tdPd,Peak,12.0,92294.0,,
07tiPBhMqiKqHowwqDBtfK,Total,,4718465.0,,
07tiPBhMqiKqHowwqDBtfK,Peak,20.0,55631.0,,
08GUMwJRpisuxHGyRzoSuu,Total,,8362940.0,,
08GUMwJRpisuxHGyRzoSuu,Peak,9.0,98721.0,,
08RDjwmSMLc6QPmxrxXDq0,Total,,469904.0,,
08RDjwmSMLc6QPmxrxXDq0,Peak,29.0,16123.0,,
0AJi38NumMDXqo8pRw6zdh,Total,,11553828.0,,
0AJi38NumMDXqo8pRw6zdh,Peak,3.0,43268.0,,
0B1ZnYwYefkNhZeE8ZQpv5,Total,,6190115.0,,
0B1ZnYwYefkNhZeE8ZQpv5,Peak,46.0,23540.0,,
0Bk064jKjWtfdOD8UkcImR,Total,,6359001.0,,
0Bk064jKjWtfdOD8UkcImR,Peak,17.0,12212.0,,
0Cy7uOfTjJrmHkNEPBBZxf,Total,,10046123.0,,
0Cy7uOfTjJrmHkNEPBBZxf,Peak,1.0,55827.0,,
0E13SojrSD7WpPyvzqZaKR,Total,,59879.0,,
0E13SojrSD7WpPyvzqZaKR,Peak,135.0,4918.0,,
0Ekfndt5fc7A4toIU87X0X,Total,,2648.0,,
0Ekfndt5fc7A4toIU87X0X,Peak,189.0,2648.0,,
0HAfl1uPBf5qTMiuAi6Ym7,Total,,6070039.0,,
0HAfl1uPBf5qTMiuAi6Ym7,Peak,26.0,75603.0,,
0HH3DAz5feqJmDA50yQ52M,Total,,213068.0,,
0HH3DAz5feqJmDA50yQ52M,Peak,74.0,15215.0,,
0IaQqjhhn7Ls6jSQX2MoQ1,Total,,180658.0,,
0IaQqjhhn7Ls6jSQX2MoQ1,Peak,113.0,31136.0,,
0J2otOvMdg62gVMMjwOvSK,Total,,2783758.0,,
0J2otOvMdg62gVMMjwOvSK,Peak,6.0,19305.0,,
0JKEP4dB1riE6l7Kq5kJm1,Total,,1382040.0,,
0JKEP4dB1riE6l7Kq5kJm1,Peak,3.0,44031.0,,
0KnWLhf5GqPEC4m7sHhxrY,Total,,170303.0,,
0KnWLhf5GqPEC4m7sHhxrY,Peak,134.0,18849.0,,
0Lf0ydJp4nbcEkYgPtIUuD,Total,,4269147.0,,
0Lf0ydJp4nbcEkYgPtIUuD,Peak,122.0,35926.0,,
0MHnLceZUrdtNGydSnBM6J,Total,,15689.0,,
0MHnLceZUrdtNGydSnBM6J,Peak,87.0,3531.0,,
0MOxfxgqBnCmy63x58ChdP,Total,,56670.0,,
0MOxfxgqBnCmy63x58ChdP,Peak,116.0,5996.0,,
0N0mWZBWhAcb0SIqYmv00k,Total,,549846.0,,
0N0mWZBWhAcb0SIqYmv00k,Peak,32.0,50816.0,,
0NTtPK7yNN4xT1YQTMxu9y,Total,,31034.0,,
0NTtPK7yNN4xT1YQTMxu9y,Peak,184.0,3081.0,,
0NbEWzChj7p6A6ZiyPvEot,Total,,251991.0,,
0NbEWzChj7p6A6ZiyPvEot,Peak,69.0,10851.0,,
0NbOsvRJuzKhaDlPxTNFih,Total,,47902.0,,
0NbOsvRJuzKhaDlPxTNFih,Peak,8.0,3576.0,,
0OIed6UFpfT2nW4BffD7Js,Total,,1436634.0,,
0OIed6UFpfT2nW4BffD7Js,Peak,8.0,86051.0,,
0ON38MgDpAMcRC9ULx7NOf,Total,,86781.0,,
0ON38MgDpAMcRC9ULx7NOf,Peak,78.0,15496.0,,
0OYyivKo7eLtmHzYagW60S,Total,,669964.0,,
0OYyivKo7eLtmHzYagW60S,Peak,111.0,8647.0,,
0Pf2hR940vgS9iVk4CriZX,Total,,451040.0,,
0Pf2hR940vgS9iVk4CriZX,Peak,64.0,24259.0,,
0QIBqBajZLLcWfL6mpVsN3,Total,,3040151.0,,
0QIBqBajZLLcWfL6mpVsN3,Peak,45.0,53130.0,,
0R6NfOiLzLj4O5VbYSJAjf,Total,,,,773323984.0
0R6NfOiLzLj4O5VbYSJAjf,Peak,,,1.0,6012846.0
0RKggS4he8LozKqMv09IrM,Total,,2922831.0,,
0RKggS4he8LozKqMv09IrM,Peak,24.0,54474.0,,
0RRaMSF6sPNAvMTntUiv8m,Total,,461601.0,,
0RRaMSF6sPNAvMTntUiv8m,Peak,71.0,34103.0,,
0SLzsfxED15vyUccX4bCqo,Total,,10543578.0,,
0SLzsfxED15vyUccX4bCqo,Peak,4.0,153506.0,,
0SMpkybKsjUeONDdUCW69e,Total,,736545.0,,
0SMpkybKsjUeONDdUCW69e,Peak,104.0,28807.0,,
0SipHvQl82LyuU4t9Zkf8Z,Total,,583464.0,,
0SipHvQl82LyuU4t9Zkf8Z,Peak,124.0,25163.0,,
0SmQ0UWeiHKQtxUej4Rem6,Total,,10304283.0,,
0SmQ0UWeiHKQtxUej4Rem6,Peak,5.0,39367.0,,
0TAEZOaoZx5LBXEkePNrt4,Total,,297587.0,,
0TAEZOaoZx5LBXEkePNrt4,Peak,23.0,21572.0,,
0TOsszupHDNUvzadopZv3A,Total,,39254.0,,
0TOsszupHDNUvzadopZv3A,Peak,143.0,8656.0,,
0TTJufXrJgRZUUV7brd2hT,Total,,215475.0,,
0TTJufXrJgRZUUV7brd2hT,Peak,26.0,14663.0,,
0TcbY7JJzalPExhhqpgAQM,Total,,538667.0,,
0TcbY7JJzalPExhhqpgAQM,Peak,94.0,28666.0,,
0UkWvPZauWiBjWGuXFhZQn,Total,,549143.0,,
0UkWvPZauWiBjWGuXFhZQn,Peak,122.0,6282.0,,
0VBv6oyMgeEBOIysaSV9aE,Total,,63544.0,,
0VBv6oyMgeEBOIysaSV9aE,Peak,136.0,15315.0,,
0WjdaO545q9Qn4SQtzRQu9,Total,,853505.0,,
0WjdaO545q9Qn4SQtzRQu9,Peak,52.0,48495.0,,
0X28PqBpbQhWdi4usYw0w5,Total,,17666456.0,,
0X28PqBpbQhWdi4usYw0w5,Peak,1.0,185410.0,,
0Y2ipMuhAlOnIkTXcCKWlL,Total,,267801.0,,
0Y2ipMuhAlOnIkTXcCKWlL,Peak,97.0,32809.0,,
0ZJcKRLc0dZp24G6MkvSnq,Total,,31660.0,,
0ZJcKRLc0dZp24G6MkvSnq,Peak,19.0,2509.0,,
0ZP4bO2ywAv44HiEzzHaq5,Total,,9638859.0,,
0ZP4bO2ywAv44HiEzzHaq5,Peak,2.0,47044.0,,
0aOOB0EuwnWuoAqzR4THA9,Total,,482296.0,,
0aOOB0EuwnWuoAqzR4THA9,Peak,9.0,22604.0,,
0b3N9S5FHJ4h9k7IsKDVSy,Total,,733419.0,,
0b3N9S5FHJ4h9k7IsKDVSy,Peak,91.0,6760.0,,
0bgJPIvefuRnEU4MNJuJSA,Total,,4660353.0,,
0bgJPIvefuRnEU4MNJuJSA,Peak,1.0,89379.0,,
0bqiS4Vi6vWtOj9woYfAJM,Total,,233006.0,,
0bqiS4Vi6vWtOj9woYfAJM,Peak,87.0,29185.0,,
0d0X8B4ZahEeCBdJ6JHPeN,Total,,86548.0,,
0d0X8B4ZahEeCBdJ6JHPeN,Peak,101.0,18364.0,,
0d6dbFvKczX1Us3J7TsMMv,Total,,8800161.0,,
0d6dbFvKczX1Us3J7TsMMv,Peak,7.0,28229.0,,
0dAAZHmjRcE3yEjeBZQvCg,Total,,1190598.0,,
0dAAZHmjRcE3yEjeBZQvCg,Peak,14.0,49687.0,,
0dBKcPEAsdxWJsqNDNHcPz,Total,,8816188.0,,
0dBKcPEAsdxWJsqNDNHcPz,Peak,13.0,94799.0,,
0dHUKYXP9PJMN0RpR9dpFR,Total,,6906948.0,,
0dHUKYXP9PJMN0RpR9dpFR,Peak,1.0,40918.0,,
0eM8iGaE97UCf9yYbDiMA4,Total,,701796.0,,
0eM8iGaE97UCf9yYbDiMA4,Peak,91.0,29019.0,,
0ezCZF82GYZFV1W6W1os7N,Total,,3379447.0,,
0ezCZF82GYZFV1W6W1os7N,Peak,9.0,92205.0,,
0f4VzzQxojITMkyHY6LCci,Total,,497218.0,,
0f4VzzQxojITMkyHY6LCci,Peak,107.0,25587.0,,
0g7d8Y9Y2BP8qFZDzngnSz,Total,,792044.0,,
0g7d8Y9Y2BP8qFZDzngnSz,Peak,43.0,36473.0,,
0gKSm3EHJhyFeolcmO6mYS,Total,,74110.0,,
0gKSm3EHJhyFeolcmO6mYS,Peak,169.0,6662.0,,
0glDqpRJ9WyPHI1AXk0GcD,Total,,31485.0,,
0glDqpRJ9WyPHI1AXk0GcD,Peak,95.0,7276.0,,
0glPN37HvVqCUh1qCWBKo7,Total,,364495.0,,
0glPN37HvVqCUh1qCWBKo7,Peak,14.0,25544.0,,
0gzpqwLf1jhNjnSJEyweAX,Total,,21064668.0,,
0gzpqwLf1jhNjnSJEyweAX,Peak,9.0,67056.0,,
0hGuiTI3U6XjelBbPf4YqG,Total,,357409.0,,
0hGuiTI3U6XjelBbPf4YqG,Peak,52.0,8883.0,,
0hiQvlWSSTr7n1kc1X2Lus,Total,,18673671.0,,
0hiQvlWSSTr7n1kc1X2Lus,Peak,54.0,34763.0,,
0hmRGjLznEdlzBf80x37Xt,Total,,35042.0,,
0hmRGjLznEdlzBf80x37Xt,Peak,164.0,3089.0,,
0ibp5h8QATkvC6P5cO5TUV,Total,,5119532.0,,
0ibp5h8QATkvC6P5cO5TUV,Peak,26.0,32011.0,,
0jV9S5sUnQSEvwMSXQ2u4l,Total,,764724.0,,
0jV9S5sUnQSEvwMSXQ2u4l,Peak,21.0,49871.0,,
0kHgteR4TV4LO80wrasDSR,Total,,27012847.0,,
0kHgteR4TV4LO80wrasDSR,Peak,5.0,140191.0,,
0ljbDAWHXvX6Fbqy2qs98U,Total,,1450966.0,,
0ljbDAWHXvX6Fbqy2qs98U,Peak,5.0,22594.0,,
0mc8HGMSYoMxRuJma5bslY,Total,,74776.0,,
0mc8HGMSYoMxRuJma5bslY,Peak,74.0,8855.0,,
0mhfW8VkkCQBUSDqHJKJnA,Total,,243173.0,,
0mhfW8VkkCQBUSDqHJKJnA,Peak,51.0,29327.0,,
0mjCVMElNTISeFwF2VdWJ3,Total,,1759032.0,,
0mjCVMElNTISeFwF2VdWJ3,Peak,69.0,20465.0,,
0o3rCh03ubOUAEI972qpU5,Total,,900668.0,,
0o3rCh03ubOUAEI972qpU5,Peak,88.0,30675.0,,
0oL2jCTf9P9a7flY5mCpYu,Total,,2712264.0,,
0oL2jCTf9P9a7flY5mCpYu,Peak,78.0,38961.0,,
0oSc7X1uRQGuEqNRtXEeQL,Total,,8710686.0,,
0oSc7X1uRQGuEqNRtXEeQL,Peak,1.0,347143.0,,
0pavLg3wbL6PVXAgXoWv4S,Total,,372079.0,,
0pavLg3wbL6PVXAgXoWv4S,Peak,77.0,40792.0,,
0phm7GkRTCRI9OQqTJvG6q,Total,,603136.0,,
0phm7GkRTCRI9OQqTJvG6q,Peak,21.0,44526.0,,
0piLGIj0C7RR4B2gowEqmO,Total,,1254024.0,,
0piLGIj0C7RR4B2gowEqmO,Peak,63.0,5503.0,,
0s3OUtMwTA79PkhDHUtfp3,Total,,97990.0,,
0s3OUtMwTA79PkhDHUtfp3,Peak,61.0,4566.0,,
0s7RyyUlQfd8mnnboHe18n,Total,,17890396.0,,
0s7RyyUlQfd8mnnboHe18n,Peak,15.0,99130.0,,
0s7wXifcEHCo9OgELbNv8d,Total,,1397467.0,,
0s7wXifcEHCo9OgELbNv8d,Peak,3.0,5249.0,,
0sVd1ZavOfbqd5AHspc1Tr,Total,,1467485.0,,
0sVd1ZavOfbqd5AHspc1Tr,Peak,74.0,16000.0,,
0tGmDUHDoT8pxYhgAT3yNG,Total,,10756504.0,,
0tGmDUHDoT8pxYhgAT3yNG,Peak,6.0,143413.0,,
0tRpWjAPI6SCNcOMQGw4z5,Total,,195068.0,,
0tRpWjAPI6SCNcOMQGw4z5,Peak,57.0,28176.0,,
0tfMfqHC3Pl6DG8kcIjXq9,Total,,64896.0,,
0tfMfqHC3Pl6DG8kcIjXq9,Peak,175.0,16805.0,,
0uRpE3YtszcI37nUSBusmq,Total,,104223.0,,
0uRpE3YtszcI37nUSBusmq,Peak,59.0,16998.0,,
0vXAYEWak7KiyGdbth8Gz6,Total,,2961891.0,,
0vXAYEWak7KiyGdbth8Gz6,Peak,68.0,44356.0,,
0x5BqH8iC2Y2lTMxAkNAna,Total,,1838675.0,,
0x5BqH8iC2Y2lTMxAkNAna,Peak,14.0,55457.0,,
0xi7bCx9m2rgPbCN6Xhlel,Total,,244947.0,,
0xi7bCx9m2rgPbCN6Xhlel,Peak,102.0,10702.0,,
0y4JreJemfzXhr3NkKCm5g,Total,,123398.0,,
0y4JreJemfzXhr3NkKCm5g,Peak,74.0,21228.0,,
0ymILt2M0bSmIr6wQzodN0,Total,,296229.0,,
0ymILt2M0bSmIr6wQzodN0,Peak,65.0,13195.0,,
0zCGKGZB5aySnQQSHWRGIT,Total,,941927.0,,
0zCGKGZB5aySnQQSHWRGIT,Peak,6.0,28149.0,,
10AZ3ChoIGMxvcCoFsoFjf,Total,,489282.0,,
10AZ3ChoIGMxvcCoFsoFjf,Peak,59.0,35472.0,,
11OxuU5y7ebAJyKaY8dOl0,Total,,3533342.0,,
11OxuU5y7ebAJyKaY8dOl0,Peak,88.0,26307.0,,
11hcyWq7qSwBE3bvv5Ialn,Total,,9038819.0,,
11hcyWq7qSwBE3bvv5Ialn,Peak,58.0,27045.0,,
129tzbtZ8PRLVo33ymZigS,Total,,42284.0,,
129tzbtZ8PRLVo33ymZigS,Peak,164.0,4164.0,,
12rIwDpMKwx77nV5O998nB,Total,,2554006.0,,
12rIwDpMKwx77nV5O998nB,Peak,37.0,61363.0,,
12t0f9NV6eEQXX8SPaI6AJ,Total,,252803.0,,
12t0f9NV6eEQXX8SPaI6AJ,Peak,79.0,11970.0,,
12u5BtXNMTifuzasyXzbOU,Total,,46900.0,,
12u5BtXNMTifuzasyXzbOU,Peak,187.0,24179.0,,
1465dD5VklIYHkKfcfirkU,Total,,2411553.0,,
1465dD5VklIYHkKfcfirkU,Peak,27.0,67969.0,,
1503Da6qbgNifRnRwIjtZe,Total,,4704506.0,,
1503Da6qbgNifRnRwIjtZe,Peak,1.0,22697.0,,
15yC0BCinDyknKpjk0VLku,Total,,61246.0,,
15yC0BCinDyknKpjk0VLku,Peak,88.0,16218.0,,
170CNv2CAZn8wg6GxvHXYC,Total,,510904.0,,
170CNv2CAZn8wg6GxvHXYC,Peak,135.0,17382.0,,
17vw2n25C8g7KKCilJ3pER,Total,,1424958.0,,
17vw2n25C8g7KKCilJ3pER,Peak,62.0,18085.0,,
18iADruKMXIloyA9vCJXFE,Total,,7171594.0,,
18iADruKMXIloyA9vCJXFE,Peak,51.0,42200.0,,
193luTcDfusSUv3yqs1gGj,Total,,1827600.0,,
193luTcDfusSUv3yqs1gGj,Peak,8.0,85150.0,,
194xS2oTIYL5u1IK0Q0oj0,Total,,1174242.0,,
194xS2oTIYL5u1IK0Q0oj0,Peak,54.0,24937.0,,
1DkYLzjwHaesQYObT2c3X2,Total,,322902.0,,
1DkYLzjwHaesQYObT2c3X2,Peak,52.0,35287.0,,
1DmMJL7KrTEC5MDTvYpfLD,Total,,219209.0,,
1DmMJL7KrTEC5MDTvYpfLD,Peak,39.0,15401.0,,
1Dyf0sRNi4bns4TeWgKpVY,Total,,4239397.0,,
1Dyf0sRNi4bns4TeWgKpVY,Peak,33.0,14455.0,,
1EmMFSLRVkOszCa4ul9z0F,Total,,32658739.0,,
1EmMFSLRVkOszCa4ul9z0F,Peak,1.0,52530.0,,
1GJ3suxtUVaguVQRemw6Zp,Total,,15723853.0,,
1GJ3suxtUVaguVQRemw6Zp,Peak,66.0,43916.0,,
1Gqm6KaobG2A1mFVjGnJsS,Total,,210249.0,,
1Gqm6KaobG2A1mFVjGnJsS,Peak,105.0,31359.0,,
1HWa2i5mZzs2VImVqwwfuI,Total,,1837218.0,,
1HWa2i5mZzs2VImVqwwfuI,Peak,56.0,24989.0,,
1He7z9P4RbIAa0rNCUaIMN,Total,,745623.0,,
1He7z9P4RbIAa0rNCUaIMN,Peak,55.0,40479.0,,
1IyaXs95EqH8emANUrhRwH,Total,,222023.0,,
1IyaXs95EqH8emANUrhRwH,Peak,85.0,4826.0,,
1J12HjUuXfJnaUdubTEzSR,Total,,30848878.0,,
1J12HjUuXfJnaUdubTEzSR,Peak,30.0,68531.0,,
1K0HQ30Wc11okzlcnFA7Ub,Total,,41532696.0,,
1K0HQ30Wc11okzlcnFA7Ub,Peak,7.0,142991.0,,
1K3CXUYKhLYN7koLW5WQjX,Total,,12853856.0,,
1K3CXUYKhLYN7koLW5WQjX,Peak,3.0,105794.0,,
1LxaXT8hwdBWSNpOqTjF8R,Total,,4957308.0,,
1LxaXT8hwdBWSNpOqTjF8R,Peak,12.0,64470.0,,
1MU2oGnL6EdBDQ02wVUOMX,Total,,1704.0,,
1MU2oGnL6EdBDQ02wVUOMX,Peak,38.0,1704.0,,
1MiJk3dXC5jzhvLFP0dUM7,Total,,33677971.0,,
1MiJk3dXC5jzhvLFP0dUM7,Peak,1.0,55323.0,,
1OcT17F9VeSAvLBlk4GBc8,Total,,200301.0,,
1OcT17F9VeSAvLBlk4GBc8,Peak,150.0,27783.0,,
1QKaj0g8pammcGn0JU8nnd,Total,,856210.0,,
1QKaj0g8pammcGn0JU8nnd,Peak,12.0,52072.0,,
1QwSqNlknVSTdmmtjsOGM9,Total,,535072.0,,
1QwSqNlknVSTdmmtjsOGM9,Peak,32.0,18122.0,,
1R1AFI3iNOYr0pGHwjFQBG,Total,,8682162.0,,
1R1AFI3iNOYr0pGHwjFQBG,Peak,85.0,41761.0,,
1RGA13K66cABN7nYek6WNk,Total,,5629387.0,,
1RGA13K66cABN7nYek6WNk,Peak,18.0,43030.0,,
1RQ4efnLx0zyowptKD5JEa,Total,,153951.0,,
1RQ4efnLx0zyowptKD5JEa,Peak,134.0,28338.0,,
1RRMwNycLH4pOgpdLj0iFk,Total,,140650.0,,
1RRMwNycLH4pOgpdLj0iFk,Peak,13.0,3436.0,,
1Rl6XZjjYq7zBJGALyGTZH,Total,,996892.0,,
1Rl6XZjjYq7zBJGALyGTZH,Peak,88.0,30675.0,,
1SIbk8ESYxiPiYjzLG01m4,Total,,180297.0,,
1SIbk8ESYxiPiYjzLG01m4,Peak,79.0,22549.0,,
1SzlLbTE7hTs75M2R1a1Tg,Total,,2779254.0,,
1SzlLbTE7hTs75M2R1a1Tg,Peak,24.0,13405.0,,
1TJtZKZFq2rdh9Wfpm15Nw,Total,,788186.0,,
1TJtZKZFq2rdh9Wfpm15Nw,Peak,18.0,49535.0,,
1TcmqSx576eBcuTxTtcEAk,Total,,2855546.0,,
1TcmqSx576eBcuTxTtcEAk,Peak,37.0,60053.0,,
1UDAnignfiklanSQ6MfPUE,Total,,108126.0,,
1UDAnignfiklanSQ6MfPUE,Peak,58.0,17136.0,,
1UL2QMgWPeNCJhznvr99Jk,Total,,405351.0,,
1UL2QMgWPeNCJhznvr99Jk,Peak,116.0,6164.0,,
1UQNU5O9VttUgO16pxUnjw,Total,,8488888.0,,
1UQNU5O9VttUgO16pxUnjw,Peak,47.0,49882.0,,
1Vla7vXcM0zimotYpresDT,Total,,10331925.0,,
1Vla7vXcM0zimotYpresDT,Peak,6.0,89710.0,,
1W5kZCi3DyAwUu1flTIHdZ,Total,,184281.0,,
1W5kZCi3DyAwUu1flTIHdZ,Peak,137.0,19304.0,,
1WCAkmmTM06in2ojuQ9CK5,Total,,1556438.0,,
1WCAkmmTM06in2ojuQ9CK5,Peak,6.0,46942.0,,
1X0cRJUAsFhEnaBhs4H7Yj,Total,,80352.0,,
1X0cRJUAsFhEnaBhs4H7Yj,Peak,72.0,9740.0,,
1XEOrZGHhmBxYciyWkkrs3,Total,,397912.0,,
1XEOrZGHhmBxYciyWkkrs3,Peak,33.0,33423.0,,
1ZSwYD21wiQCx3VYrnQHMm,Total,,317790.0,,
1ZSwYD21wiQCx3VYrnQHMm,Peak,54.0,34497.0,,
1ZgiJ8fiSEwd07OpB9ZuRz,Total,,3817754.0,,
1ZgiJ8fiSEwd07OpB9ZuRz,Peak,12.0,63697.0,,
1ZrADntHAYV84R2y1Op3Eg,Total,,2288853.0,,
1ZrADntHAYV84R2y1Op3Eg,Peak,1.0,16895.0,,
1ahMIChLwnLRGDu5AhMWZI,Total,,483420.0,,
1ahMIChLwnLRGDu5AhMWZI,Peak,131.0,28963.0,,
1aw1KeS9sT1mKPzs2hfqCz,Total,,750596.0,,
1aw1KeS9sT1mKPzs2hfqCz,Peak,130.0,3950.0,,
1bG6Q8sR8jda7ryI365y8o,Total,,32777815.0,,
1bG6Q8sR8jda7ryI365y8o,Peak,1.0,250035.0,,
1bRsQtD0IJN7D0aCslMg44,Total,,332193.0,,
1bRsQtD0IJN7D0aCslMg44,Peak,44.0,29675.0,,
1dMJhYvyH7I4RGcLUWAg3p,Total,,76234.0,,
1dMJhYvyH7I4RGcLUWAg3p,Peak,26.0,1876.0,,
1dUmmBh2nw8XzEI3au0uFs,Total,,21348688.0,,
1dUmmBh2nw8XzEI3au0uFs,Peak,3.0,44136.0,,
1eXc2ZMStMsQ5cuUrFCnlO,Total,,622468.0,,
1eXc2ZMStMsQ5cuUrFCnlO,Peak,75.0,25091.0,,
1efLujNOuRkB1zwpNKGeea,Total,,91408.0,,
1efLujNOuRkB1zwpNKGeea,Peak,74.0,8701.0,,
1fFvYVg1v3rpUSqKNCUh7b,Total,,655789.0,,
1fFvYVg1v3rpUSqKNCUh7b,Peak,126.0,22351.0,,
1fMLlneaBGENo5jhG1nZrM,Total,,39246.0,,
1fMLlneaBGENo5jhG1nZrM,Peak,109.0,4818.0,,
1hyDeosKOqqI4YcqFgzNlQ,Total,,319644.0,,
1hyDeosKOqqI4YcqFgzNlQ,Peak,75.0,16375.0,,
1izPmgSW7FV6XFdEOiTvOY,Total,,24034687.0,,
1izPmgSW7FV6XFdEOiTvOY,Peak,25.0,40009.0,,
1j18WxScysqcVZnCSc90nV,Total,,25283.0,,
1j18WxScysqcVZnCSc90nV,Peak,78.0,10868.0,,
1jtrGtWxnZUeKtSN4Xxh1e,Total,,330822.0,,
1jtrGtWxnZUeKtSN4Xxh1e,Peak,156.0,6702.0,,
1lNJbioKb7Zue9sf2wcaWN,Total,,63588.0,,
1lNJbioKb7Zue9sf2wcaWN,Peak,85.0,6503.0,,
1m4BSQjgXAfoR4dBAapAr7,Total,,3813688.0,,
1m4BSQjgXAfoR4dBAapAr7,Peak,108.0,26944.0,,
1mKDbug8bbfDmLe7I4CJpe,Total,,20780310.0,,
1mKDbug8bbfDmLe7I4CJpe,Peak,1.0,33236.0,,
1n5vwy1usk9prr2Yuh9Lt8,Total,,87029.0,,
1n5vwy1usk9prr2Yuh9Lt8,Peak,63.0,9286.0,,
1nut0CDNqlXFtV4U3Md5ds,Total,,278247.0,,
1nut0CDNqlXFtV4U3Md5ds,Peak,74.0,11951.0,,
1o6cYDMHvKOfizi4d9Lqxr,Total,,33642969.0,,
1o6cYDMHvKOfizi4d9Lqxr,Peak,3.0,106957.0,,
1ojUtV3R0T0fKfFaAiCT2S,Total,,35492.0,,
1ojUtV3R0T0fKfFaAiCT2S,Peak,146.0,5398.0,,
1pJ2smpPxbfAYqPsrbcXFP,Total,,43822.0,,
1pJ2smpPxbfAYqPsrbcXFP,Peak,104.0,4433.0,,
1pQHqk6qWM5xbNeobMCGBZ,Total,,3366128.0,,
1pQHqk6qWM5xbNeobMCGBZ,Peak,2.0,43144.0,,
1pwyiEOvhXLvlpzTZcgfhe,Total,,1542538.0,,
1pwyiEOvhXLvlpzTZcgfhe,Peak,40.0,47257.0,,
1rCurScVWswOm8jVmCOLxn,Total,,86256.0,,
1rCurScVWswOm8jVmCOLxn,Peak,93.0,9345.0,,
1rJyVbXb3njXbN3lokllKf,Total,,523210.0,,
1rJyVbXb3njXbN3lokllKf,Peak,107.0,4244.0,,
1reHbbphR273qQ651F6Vna,Total,,231266.0,,
1reHbbphR273qQ651F6Vna,Peak,3.0,7130.0,,
1u3aGopt09bxmUDs8c94XY,Total,,827730.0,,
1u3aGopt09bxmUDs8c94XY,Peak,156.0,21468.0,,
1vtQjPCcdE7FgrxQd5doWP,Total,,1184689.0,,
1vtQjPCcdE7FgrxQd5doWP,Peak,92.0,9067.0,,
1w3eUC89GPspKpi62tPwjt,Total,,22035041.0,,
1w3eUC89GPspKpi62tPwjt,Peak,2.0,42189.0,,
1wG0HYACxdu3Kdz3mI4ca6,Total,,521282.0,,
1wG0HYACxdu3Kdz3mI4ca6,Peak,101.0,32860.0,,
1wl7BgRuEYJfmINb0ncS5b,Total,,222221.0,,
1wl7BgRuEYJfmINb0ncS5b,Peak,114.0,6395.0,,
1wmYHps3Ww2wfG6FEmjzuX,Total,,58432.0,,
1wmYHps3Ww2wfG6FEmjzuX,Peak,40.0,3676.0,,
1xoadYaxtOp9gHDwgmPDuz,Total,,38301015.0,,
1xoadYaxtOp9gHDwgmPDuz,Peak,2.0,54316.0,,
1yo967mk7CpjvruNxBecOY,Total,,9700225.0,,
1yo967mk7CpjvruNxBecOY,Peak,19.0,38419.0,,
1zzCiwKpbS6zNC3OAdejd2,Total,,5142267.0,,
1zzCiwKpbS6zNC3OAdejd2,Peak,13.0,87857.0,,
20jc2qrUesWnyDYnWq0XW8,Total,,2152893.0,,
20jc2qrUesWnyDYnWq0XW8,Peak,120.0,31563.0,,
21x7Ld7I7X7HQtDgS8al5Z,Total,,2481459.0,,
21x7Ld7I7X7HQtDgS8al5Z,Peak,26.0,68692.0,,
226ljdOTLM2clGpm4mZvAm,Total,,10268567.0,,
226ljdOTLM2clGpm4mZvAm,Peak,13.0,86274.0,,
229P16G6GFOCDUNiUNusc4,Total,,292797.0,,
229P16G6GFOCDUNiUNusc4,Peak,62.0,43888.0,,
22oXPVbCf30gA4uMIvPvpP,Total,,265146.0,,
22oXPVbCf30gA4uMIvPvpP,Peak,88.0,12388.0,,
23SUnSd024ACX7u1AUXsGc,Total,,6159703.0,,
23SUnSd024ACX7u1AUXsGc,Peak,4.0,87366.0,,
24eClW0wZh5fFEFwsUWdSG,Total,,5483006.0,,
24eClW0wZh5fFEFwsUWdSG,Peak,13.0,85734.0,,
255vSRpVq5YYKBJiem1BVx,Total,,23109564.0,,
255vSRpVq5YYKBJiem1BVx,Peak,3.0,86091.0,,
25edeHHueINMguqu9emCyV,Total,,34994903.0,,
25edeHHueINMguqu9emCyV,Peak,1.0,40279.0,,
26zqmmkqUK6mCc87XDzPym,Total,,12468224.0,,
26zqmmkqUK6mCc87XDzPym,Peak,9.0,108360.0,,
27AEQr4wqfHyVpwgFgnGs6,Total,,3676104.0,,
27AEQr4wqfHyVpwgFgnGs6,Peak,56.0,48486.0,,
27F22WcGDyl4Z2KylVJkXL,Total,,10753087.0,,
27F22WcGDyl4Z2KylVJkXL,Peak,13.0,43724.0,,
27Z9T0mSWHYWSj9SNOGvyt,Total,,26896347.0,,
27Z9T0mSWHYWSj9SNOGvyt,Peak,18.0,47735.0,,
27fqy8VruqYZlKiK1qfwEd,Total,,4332198.0,,
27fqy8VruqYZlKiK1qfwEd,Peak,4.0,58605.0,,
28bxbqNcAuNxYDZYet6eZ7,Total,,26592051.0,,
28bxbqNcAuNxYDZYet6eZ7,Peak,4.0,73730.0,,
28ncfVOBRp3HGweSZ6Wb8C,Total,,1071436.0,,
28ncfVOBRp3HGweSZ6Wb8C,Peak,155.0,27510.0,,
29Tj2R8sZZ3fzlXZVe1OyY,Total,,5266083.0,,
29Tj2R8sZZ3fzlXZVe1OyY,Peak,34.0,67131.0,,
29VSQCxul5FNmpi4gVR7Qn,Total,,540173.0,,
29VSQCxul5FNmpi4gVR7Qn,Peak,116.0,23951.0,,
29cUOvKfTmx9SFDC73QHv5,Total,,512156.0,,
29cUOvKfTmx9SFDC73QHv5,Peak,37.0,34035.0,,
2AA4UcXp2WRvsU9cyHT6Vy,Total,,3122555.0,,
2AA4UcXp2WRvsU9cyHT6Vy,Peak,4.0,43229.0,,
2AA5DB0Ehi28UdYrAU9xnA,Total,,2260857.0,,
2AA5DB0Ehi28UdYrAU9xnA,Peak,13.0,87857.0,,
2AVDBKzxzTjLB91WVTfIlA,Total,,707061.0,,
2AVDBKzxzTjLB91WVTfIlA,Peak,11.0,90731.0,,
2Asy51yFMEG8Qjh15kvQeD,Total,,2987347.0,,
2Asy51yFMEG8Qjh15kvQeD,Peak,95.0,32840.0,,
2BqQ5ZM73pNugfd6NteCPe,Total,,1376434.0,,
2BqQ5ZM73pNugfd6NteCPe,Peak,7.0,23623.0,,
2CFC7iLurCyDYuXQcfem2l,Total,,6616397.0,,
2CFC7iLurCyDYuXQcfem2l,Peak,60.0,38145.0,,
2CH9JPCmEx4F3nm6TwHPxs,Total,,413733.0,,
2CH9JPCmEx4F3nm6TwHPxs,Peak,24.0,54474.0,,
2DeraySaI3fomlDF6S2NZa,Total,,374887.0,,
2DeraySaI3fomlDF6S2NZa,Peak,88.0,14191.0,,
2DzFmWhrnRHROJuxW5e1t2,Total,,1104827.0,,
2DzFmWhrnRHROJuxW5e1t2,Peak,110.0,25363.0,,
2G5ujw3rrWcAXQqT8PVnrz,Total,,1108046.0,,
2G5ujw3rrWcAXQqT8PVnrz,Peak,109.0,33631.0,,
2Gt0kVB7kHnJZi0GTJe4Qm,Total,,687105.0,,
2Gt0kVB7kHnJZi0GTJe4Qm,Peak,111.0,3634.0,,
2I9QJOvD1lamK9tHffY4La,Total,,312924.0,,
2I9QJOvD1lamK9tHffY4La,Peak,82.0,26399.0,,
2Jaaw8PrdUfPlU6o6tL5dl,Total,,16515878.0,,
2Jaaw8PrdUfPlU6o6tL5dl,Peak,2.0,24806.0,,
2JuHIbFudHwDqQssgqsH3i,Total,,22956581.0,,
2JuHIbFudHwDqQssgqsH3i,Peak,6.0,102900.0,,
2LX16d9LWQxmlUiOfxHKYO,Total,,304831.0,,
2LX16d9LWQxmlUiOfxHKYO,Peak,23.0,16963.0,,
2LhaQUFez282XCuTDSTDcV,Total,,2334715.0,,
2LhaQUFez282XCuTDSTDcV,Peak,7.0,37993.0,,
2MFqzQ3eJPM1dHCaioyU1s,Total,,513132.0,,
2MFqzQ3eJPM1dHCaioyU1s,Peak,108.0,28351.0,,
2MT5rzYA4ZPCRZlbXyV660,Total,,83974.0,,
2MT5rzYA4ZPCRZlbXyV660,Peak,150.0,6723.0,,
2MjpqyEA73TzenhDmj0RFN,Total,,2157025.0,,
2MjpqyEA73TzenhDmj0RFN,Peak,52.0,11939.0,,
2Nwi8X3bmgKU1zMQUsDTah,Total,,226967.0,,
2Nwi8X3bmgKU1zMQUsDTah,Peak,118.0,16123.0,,
2OBZtEg8DXhICWYd6yvicf,Total,,869390.0,,
2OBZtEg8DXhICWYd6yvicf,Peak,25.0,39963.0,,
2P9M7q49JXnwiab4TosOpW,Total,,861683.0,,
2P9M7q49JXnwiab4TosOpW,Peak,63.0,4684.0,,
2PYDUM2IC01FOTDLQdFxJP,Total,,20186864.0,,
2PYDUM2IC01FOTDLQdFxJP,Peak,24.0,32070.0,,
2Pwou3Q2Cf59RxdX2V6MgV,Total,,7107351.0,,
2Pwou3Q2Cf59RxdX2V6MgV,Peak,9.0,114677.0,,
2QCbYz4XN9mzi5LJBuB3iP,Total,,123666.0,,
2QCbYz4XN9mzi5LJBuB3iP,Peak,84.0,26335.0,,
2QUU1AtY5fndKDNbr17EFk,Total,,4475628.0,,
2QUU1AtY5fndKDNbr17EFk,Peak,9.0,66943.0,,
2QpMK4mvdyFW5N0JYohVdW,Total,,361613.0,,
2QpMK4mvdyFW5N0JYohVdW,Peak,93.0,13330.0,,
2QyOYFAxW2khNYee4yeT6r,Total,,1483264.0,,
2QyOYFAxW2khNYee4yeT6r,Peak,13.0,29222.0,,
2SjNAO9lrQYRlXJK5pXWcn,Total,,17814.0,,
2SjNAO9lrQYRlXJK5pXWcn,Peak,86.0,3514.0,,
2SmnoPHetB88xJwC6HJHGv,Total,,2861537.0,,
2SmnoPHetB88xJwC6HJHGv,Peak,14.0,59906.0,,
2SqS42nIu3vLVYOaFelbar,Total,,119340.0,,
2SqS42nIu3vLVYOaFelbar,Peak,72.0,22044.0,,
2TqjLbM2E5I4ce6iWTdXly,Total,,870026.0,,
2TqjLbM2E5I4ce6iWTdXly,Peak,93.0,13223.0,,
2VHXCihhlSC2lUFoCaemRN,Total,,6285674.0,,
2VHXCihhlSC2lUFoCaemRN,Peak,5.0,39586.0,,
2VqK7TIkcS7QYyubTvXqOW,Total,,372520.0,,
2VqK7TIkcS7QYyubTvXqOW,Peak,120.0,5981.0,,
2X2mIfNW5ZtLmVgpm9rgUX,Total,,1113252.0,,
2X2mIfNW5ZtLmVgpm9rgUX,Peak,25.0,42800.0,,
2YuINjtFaEi9E9WRv90bK6,Total,,1331063.0,,
2YuINjtFaEi9E9WRv90bK6,Peak,12.0,92294.0,,
2ZJTmYNOA8k21yUtLXJG57,Total,,6390482.0,,
2ZJTmYNOA8k21yUtLXJG57,Peak,2.0,78050.0,,
2Zos792uWaDCqqnmPaBH1x,Total,,322444.0,,
2Zos792uWaDCqqnmPaBH1x,Peak,25.0,22672.0,,
2a5hng9yXtbjtTVVm9UviC,Total,,21670921.0,,
2a5hng9yXtbjtTVVm9UviC,Peak,16.0,81175.0,,
2bCmM1oT89JOpA8EdDJ51g,Total,,46119.0,,
2bCmM1oT89JOpA8EdDJ51g,Peak,47.0,9098.0,,
2bxVMMRP6AHvUVXHQrIBy9,Total,,338633.0,,
2bxVMMRP6AHvUVXHQrIBy9,Peak,64.0,12005.0,,
2cHvbenIXJdO2yYWQry26q,Total,,681462.0,,
2cHvbenIXJdO2yYWQry26q,Peak,80.0,9267.0,,
2cJyuhqcXvd6ccvAn8NXsL,Total,,5423438.0,,
2cJyuhqcXvd6ccvAn8NXsL,Peak,33.0,37446.0,,
2ctmaWoBxLBYiZB7AKmK1D,Total,,4248015.0,,
2ctmaWoBxLBYiZB7AKmK1D,Peak,32.0,51469.0,,
2dPJtlvoa3GDowCh035M8P,Total,,4345855.0,,
2dPJtlvoa3GDowCh035M8P,Peak,34.0,60224.0,,
2dURSB1lDn5qiOyHLEZ34I,Total,,48897.0,,
2dURSB1lDn5qiOyHLEZ34I,Peak,7.0,3811.0,,
2ddbldKhKrYvOBbYa87cbj,Total,,6290667.0,,
2ddbldKhKrYvOBbYa87cbj,Peak,8.0,102944.0,,
2e6uyFP80Vuaz7V7bDWD0e,Total,,1611899.0,,
2e6uyFP80Vuaz7V7bDWD0e,Peak,45.0,47364.0,,
2fDFssQASymjUb2B3XYdpf,Total,,1137332.0,,
2fDFssQASymjUb2B3XYdpf,Peak,47.0,43655.0,,
2fxGSbMxakUf8XUd00rmED,Total,,4030411.0,,
2fxGSbMxakUf8XUd00rmED,Peak,91.0,12975.0,,
2g68ePl7VMltuOiuSTAz7I,Total,,2341978.0,,
2g68ePl7VMltuOiuSTAz7I,Peak,48.0,27985.0,,
2gJJvC4a3BJogzRciwTZU8,Total,,183204.0,,
2gJJvC4a3BJogzRciwTZU8,Peak,92.0,39401.0,,
2gT5LL3uRANxvvmDxaULbQ,Total,,3781933.0,,
2gT5LL3uRANxvvmDxaULbQ,Peak,3.0,5594.0,,
2hLg1Pbi7UFMGGBqOPY5Rb,Total,,106984.0,,
2hLg1Pbi7UFMGGBqOPY5Rb,Peak,132.0,17910.0,,
2jcdws2044suWnDo8DTcKC,Total,,143508.0,,
2jcdws2044suWnDo8DTcKC,Peak,133.0,27096.0,,
2kauMp3YNHXULGXyJh4321,Total,,16715340.0,,
2kauMp3YNHXULGXyJh4321,Peak,7.0,133074.0,,
2kenOIzz3AlVKF7wGqzH3F,Total,,152290.0,,
2kenOIzz3AlVKF7wGqzH3F,Peak,96.0,11259.0,,
2klsSb2iTfgDh95Ak9uWY2,Total,,4886189.0,,
2klsSb2iTfgDh95Ak9uWY2,Peak,15.0,21356.0,,
2lGGlexu72TnPQPUHd8NWt,Total,,407278.0,,
2lGGlexu72TnPQPUHd8NWt,Peak,38.0,18580.0,,
2mYjBkAtCUXRG2ioQmv3Rm,Total,,100609.0,,
2mYjBkAtCUXRG2ioQmv3Rm,Peak,73.0,10401.0,,
2naHX4cacns359w3ugyt3P,Total,,4045182.0,,
2naHX4cacns359w3ugyt3P,Peak,44.0,57311.0,,
2o4dDfLK6NVI7TjBm5VoMv,Total,,18930903.0,,
2o4dDfLK6NVI7TjBm5VoMv,Peak,26.0,38201.0,,
2oVLEoBVDvYrGmzrU7dEm5,Total,,17356943.0,,
2oVLEoBVDvYrGmzrU7dEm5,Peak,5.0,158606.0,,
2qWP5ZarXRsdmxzz3L3BtP,Total,,17715148.0,,
2qWP5ZarXRsdmxzz3L3BtP,Peak,22.0,36124.0,,
2qc4FFBylFT5YhvMJMX50R,Total,,2837620.0,,
2qc4FFBylFT5YhvMJMX50R,Peak,28.0,60585.0,,
2rDtJL39iMme6RgWnETEWP,Total,,347540.0,,
2rDtJL39iMme6RgWnETEWP,Peak,131.0,27616.0,,
2sJZUN3ymHgsLCqGCbszBJ,Total,,442133.0,,
2sJZUN3ymHgsLCqGCbszBJ,Peak,8.0,11073.0,,
2tAd0IDLH3nE8gJlxuB1bt,Total,,43566.0,,
2tAd0IDLH3nE8gJlxuB1bt,Peak,9.0,3599.0,,
2tZjAcLcg7k0p0c1wA3Ggk,Total,,183920.0,,
2tZjAcLcg7k0p0c1wA3Ggk,Peak,76.0,21049.0,,
2tg8L2ls1k19B2SvRKBnJh,Total,,2553702.0,,
2tg8L2ls1k19B2SvRKBnJh,Peak,11.0,27555.0,,
2uZmeuNAxSm7XfVIwLkhCx,Total,,24344022.0,,
2uZmeuNAxSm7XfVIwLkhCx,Peak,12.0,77847.0,,
2vRkwfiy4Se8ddUSkdMTmQ,Total,,352515.0,,
2vRkwfiy4Se8ddUSkdMTmQ,Peak,24.0,20798.0,,
2zRzmGerfTxc2epZHgaTdh,Total,,17378026.0,,
2zRzmGerfTxc2epZHgaTdh,Peak,18.0,32935.0,,
307iMiCYAKX6sUG7P4UKWt,Total,,7995890.0,,
307iMiCYAKX6sUG7P4UKWt,Peak,5.0,34079.0,,
30CXPFiHrPmKxAxPpiMlLw,Total,,858370.0,,
30CXPFiHrPmKxAxPpiMlLw,Peak,100.0,33565.0,,
31Rxc3kfQjI7WpaRKskQs2,Total,,298094.0,,
31Rxc3kfQjI7WpaRKskQs2,Peak,94.0,4399.0,,
32K6zBYFUUxKrdsoZd7k3v,Total,,1031678.0,,
32K6zBYFUUxKrdsoZd7k3v,Peak,101.0,10128.0,,
33S16Xa5cZmLPhn6eZI4Nm,Total,,7178751.0,,
33S16Xa5cZmLPhn6eZI4Nm,Peak,70.0,43831.0,,
33SYx5viijwLGMqfl50FKI,Total,,1728759.0,,
33SYx5viijwLGMqfl50FKI,Peak,15.0,50514.0,,
33dIUFKBA7U5KHs1fdBw8b,Total,,155088.0,,
33dIUFKBA7U5KHs1fdBw8b,Peak,46.0,31823.0,,
33weHbON0j21ZPUMc0ZKTt,Total,,2789001.0,,
33weHbON0j21ZPUMc0ZKTt,Peak,12.0,17283.0,,
3440g8awr2l0E5Yy2X5Epk,Total,,22600917.0,,
3440g8awr2l0E5Yy2X5Epk,Peak,3.0,67302.0,,
34uOIsoy6ETS2sxOTWBRDF,Total,,6486616.0,,
34uOIsoy6ETS2sxOTWBRDF,Peak,1.0,157209.0,,
35gc5FTZehQ5DF2BI6wkgf,Total,,3840036.0,,
35gc5FTZehQ5DF2BI6wkgf,Peak,20.0,92581.0,,
36OyVzUmUFb1MTTzy3YXbh,Total,,7938170.0,,
36OyVzUmUFb1MTTzy3YXbh,Peak,2.0,142985.0,,
36fgG6NiEuQXznNgf5y2Ck,Total,,4014695.0,,
36fgG6NiEuQXznNgf5y2Ck,Peak,28.0,75516.0,,
37GNTP4wB0QSkUwcTWLHKg,Total,,1289499.0,,
37GNTP4wB0QSkUwcTWLHKg,Peak,43.0,22144.0,,
37KEMM9tMw5Tb5GWlBmOVM,Total,,263164.0,,
37KEMM9tMw5Tb5GWlBmOVM,Peak,177.0,18807.0,,
37PyxXH5vlbNcYwxOHbfFn,Total,,231756.0,,
37PyxXH5vlbNcYwxOHbfFn,Peak,51.0,17187.0,,
37kfF2bDr3O2qmOYNTgDMT,Total,,1009732.0,,
37kfF2bDr3O2qmOYNTgDMT,Peak,46.0,25038.0,,
37od1g713ZvI32VA2diR9L,Total,,828599.0,,
37od1g713ZvI32VA2diR9L,Peak,85.0,21790.0,,
37ull7GiBZRLhWYDBIYZzW,Total,,4070569.0,,
37ull7GiBZRLhWYDBIYZzW,Peak,10.0,126466.0,,
38MI5LpTajiO3A0DQGcCmu,Total,,1002421.0,,
38MI5LpTajiO3A0DQGcCmu,Peak,23.0,44313.0,,
38rjRVqEHSlDRrDWDvjkqW,Total,,19825488.0,,
38rjRVqEHSlDRrDWDvjkqW,Peak,1.0,93035.0,,
38sxHKwaMeDAn4ppmilyas,Total,,604391.0,,
38sxHKwaMeDAn4ppmilyas,Peak,5.0,29013.0,,
39KWnPNEvbXt423CzjvBfA,Total,,2487217.0,,
39KWnPNEvbXt423CzjvBfA,Peak,77.0,37310.0,,
3A0QLMQn0XqmCrJMInLhYg,Total,,884902.0,,
3A0QLMQn0XqmCrJMInLhYg,Peak,59.0,38433.0,,
3A9A7mfVDVm3rrS9SMGhg5,Total,,18468303.0,,
3A9A7mfVDVm3rrS9SMGhg5,Peak,18.0,68056.0,,
3AejRjgBsFV4HWHjJmmEP7,Total,,15975812.0,,
3AejRjgBsFV4HWHjJmmEP7,Peak,20.0,30954.0,,
3BnD2G2bRvtRiLssSQY8oE,Total,,186795.0,,
3BnD2G2bRvtRiLssSQY8oE,Peak,157.0,7955.0,,
3COYA2vgfcUhDyRlVpZy5p,Total,,20220445.0,,
3COYA2vgfcUhDyRlVpZy5p,Peak,4.0,191589.0,,
3CyGK8BeJ5iCunpzvHyINs,Total,,5568345.0,,
3CyGK8BeJ5iCunpzvHyINs,Peak,8.0,76085.0,,
3DLtPObflLQBodZN8qGODT,Total,,25206960.0,,
3DLtPObflLQBodZN8qGODT,Peak,14.0,51796.0,,
3EQjXzlXY0dyOovq0Awe91,Total,,3960884.0,,
3EQjXzlXY0dyOovq0Awe91,Peak,6.0,111738.0,,
3ER1r0HipeSSu7YNImC6vd,Total,,4746235.0,,
3ER1r0HipeSSu7YNImC6vd,Peak,58.0,45704.0,,
3ESeHjnPRxAg4mW3KsFyXi,Total,,812074.0,,
3ESeHjnPRxAg4mW3KsFyXi,Peak,92.0,7991.0,,
3ET3xHCLMGd57u06A9RjJ0,Total,,13670128.0,,
3ET3xHCLMGd57u06A9RjJ0,Peak,65.0,43102.0,,
3EuOQ0v6LxsNFSf3BF5wrw,Total,,19932.0,,
3EuOQ0v6LxsNFSf3BF5wrw,Peak,157.0,1364.0,,
3EvZ9Ztgy03uUhxlv8PLf3,Total,,453121.0,,
3EvZ9Ztgy03uUhxlv8PLf3,Peak,26.0,41272.0,,
3Gr6ucPp3qJbBZ3yrGmZTt,Total,,263998.0,,
3Gr6ucPp3qJbBZ3yrGmZTt,Peak,40.0,34500.0,,
3HJ0EW4kd9S1NRCm039Fsk,Total,,9209567.0,,
3HJ0EW4kd9S1NRCm039Fsk,Peak,1.0,29133.0,,
3I024mr4TcQb8W9cNVe0ze,Total,,1251276.0,,
3I024mr4TcQb8W9cNVe0ze,Peak,23.0,50939.0,,
3Ids3RXurYBgySph53qWnB,Total,,5049765.0,,
3Ids3RXurYBgySph53qWnB,Peak,14.0,93035.0,,
3J3nv18iIrOhca1ZWNeuyW,Total,,9915754.0,,
3J3nv18iIrOhca1ZWNeuyW,Peak,110.0,29720.0,,
3K7RddI2L8Wiv7uIbrhfLc,Total,,19499888.0,,
3K7RddI2L8Wiv7uIbrhfLc,Peak,10.0,78132.0,,
3LGNVNZeEIUwdzDvnUO73V,Total,,3620831.0,,
3LGNVNZeEIUwdzDvnUO73V,Peak,40.0,18525.0,,
3LfiZlWffAqGOAQ6sKjoJP,Total,,633718.0,,
3LfiZlWffAqGOAQ6sKjoJP,Peak,88.0,10207.0,,
3LlEZ4J1ORcgP1WmTF9pIX,Total,,33650.0,,
3LlEZ4J1ORcgP1WmTF9pIX,Peak,143.0,5930.0,,
3MlvHVRytWiXpSHEeZVF0I,Total,,942835.0,,
3MlvHVRytWiXpSHEeZVF0I,Peak,80.0,39180.0,,
3Ndroo5HpBKKTRGYReAYHM,Total,,2408070.0,,
3Ndroo5HpBKKTRGYReAYHM,Peak,58.0,36681.0,,
3Nn9QjxOEj1pleW9xTG6cq,Total,,10577582.0,,
3Nn9QjxOEj1pleW9xTG6cq,Peak,12.0,108915.0,,
3NvH1v6NOxlawEoCXjg9sK,Total,,1684003.0,,
3NvH1v6NOxlawEoCXjg9sK,Peak,69.0,34025.0,,
3O3h5nceJQgZ6wMIPCoJzj,Total,,577000.0,,
3O3h5nceJQgZ6wMIPCoJzj,Peak,85.0,32258.0,,
3OVMe3H6iAxbLF8iD2UYrw,Total,,25820250.0,,
3OVMe3H6iAxbLF8iD2UYrw,Peak,1.0,432060.0,,
3P3rcI48wwVEgxF5vPM6pG,Total,,11592740.0,,
3P3rcI48wwVEgxF5vPM6pG,Peak,46.0,37756.0,,
3QjcsqERv4IfmopRvXFoWB,Total,,1779211.0,,
3QjcsqERv4IfmopRvXFoWB,Peak,55.0,45723.0,,
3Sg9sJ1VxG91hvcRFrVuH7,Total,,1611335.0,,
3Sg9sJ1VxG91hvcRFrVuH7,Peak,29.0,5729.0,,
3U5WFUIgOaA1U7GdTs4yjQ,Total,,3885639.0,,
3U5WFUIgOaA1U7GdTs4yjQ,Peak,1.0,40781.0,,
3XCp5o1FUpAH0aj2Hmj5yz,Total,,10698108.0,,
3XCp5o1FUpAH0aj2Hmj5yz,Peak,9.0,98721.0,,
3YctJXK6kznnWl68TnYobN,Total,,35360713.0,,
3YctJXK6kznnWl68TnYobN,Peak,3.0,108365.0,,
3Yfedn84e2VLXSVwmowqEn,Total,,754527.0,,
3Yfedn84e2VLXSVwmowqEn,Peak,7.0,38742.0,,
3ZbZtdEw9U0uZW4tZItIwq,Total,,37796212.0,,
3ZbZtdEw9U0uZW4tZItIwq,Peak,4.0,133158.0,,
3b34161QoxLwsqhWSPy9i5,Total,,32492207.0,,
3b34161QoxLwsqhWSPy9i5,Peak,1.0,32516.0,,
3bEAVuzTJ1Pd4ZGj2ykqnB,Total,,3584.0,,
3bEAVuzTJ1Pd4ZGj2ykqnB,Peak,65.0,1466.0,,
3bZGGKrMQLDGg18y2QqKFF,Total,,7456180.0,,
3bZGGKrMQLDGg18y2QqKFF,Peak,5.0,34079.0,,
3dvkpe9FEekxxgaQtxOHQI,Total,,6751373.0,,
3dvkpe9FEekxxgaQtxOHQI,Peak,26.0,26946.0,,
3fw9v7CztM2mqu1jCtbg9f,Total,,2056921.0,,
3fw9v7CztM2mqu1jCtbg9f,Peak,26.0,41119.0,,
3g0Dwgd36QRmPecFIoubg4,Total,,1463176.0,,
3g0Dwgd36QRmPecFIoubg4,Peak,33.0,38231.0,,
3ho1OQb9SFtCt3MIiRZ8Si,Total,,2951415.0,,
3ho1OQb9SFtCt3MIiRZ8Si,Peak,8.0,33993.0,,
3hqOrxH5qPlvrApcb7Ac8c,Total,,22976252.0,,
3hqOrxH5qPlvrApcb7Ac8c,Peak,23.0,58305.0,,
3i6VNcn9dFpU1K2ZaMFHTC,Total,,1007191.0,,
3i6VNcn9dFpU1K2ZaMFHTC,Peak,74.0,27416.0,,
3keyZ8cXkQ57melgiAsJ5m,Total,,595649.0,,
3keyZ8cXkQ57melgiAsJ5m,Peak,35.0,32862.0,,
3kwb99PcsCYFYcFB0jTr1a,Total,,77984.0,,
3kwb99PcsCYFYcFB0jTr1a,Peak,71.0,37483.0,,
3kxFvcB92qQg9wl52CQ7aV,Total,,3204845.0,,
3kxFvcB92qQg9wl52CQ7aV,Peak,17.0,41687.0,,
3lgCCIj5kUu8IAbJarm9oz,Total,,470520.0,,
3lgCCIj5kUu8IAbJarm9oz,Peak,89.0,25178.0,,
3nAwC1qVqRQYiRCrp6q1dU,Total,,5347054.0,,
3nAwC1qVqRQYiRCrp6q1dU,Peak,118.0,24502.0,,
3nHbNyuUsVmtwHAcpeOrZR,Total,,248690.0,,
3nHbNyuUsVmtwHAcpeOrZR,Peak,58.0,7985.0,,
3nkG7srXxyvQpEgiMjQgDm,Total,,138583.0,,
3nkG7srXxyvQpEgiMjQgDm,Peak,70.0,24727.0,,
3nnTAS4qhgtZaWtx4MkKQ0,Total,,24461.0,,
3nnTAS4qhgtZaWtx4MkKQ0,Peak,108.0,7563.0,,
3nw5vYaH4qVx8joq3qhtNx,Total,,6028429.0,,
3nw5vYaH4qVx8joq3qhtNx,Peak,85.0,26444.0,,
3oIKYROTi2wREKdnqq3yAp,Total,,222028.0,,
3oIKYROTi2wREKdnqq3yAp,Peak,96.0,25642.0,,
3pbbEjmAWUHbGgWV8evyfd,Total,,233697.0,,
3pbbEjmAWUHbGgWV8evyfd,Peak,45.0,21704.0,,
3pgwxYRPbYIC6C1J2FPge8,Total,,1037466.0,,
3pgwxYRPbYIC6C1J2FPge8,Peak,7.0,39091.0,,
3pmDpi2XUdGGInqXQbOIaM,Total,,959968.0,,
3pmDpi2XUdGGInqXQbOIaM,Peak,107.0,33334.0,,
3puPTaE5acvWNGaNSoM3wT,Total,,325274.0,,
3puPTaE5acvWNGaNSoM3wT,Peak,159.0,13301.0,,
3qllaNK66kKxX123f0eKpj,Total,,1661317.0,,
3qllaNK66kKxX123f0eKpj,Peak,75.0,38028.0,,
3rtOU0GwlsbCNiCqEDLZUN,Total,,5303583.0,,
3rtOU0GwlsbCNiCqEDLZUN,Peak,37.0,59020.0,,
3rxbssNItXaXyqc0wJUsYC,Total,,1353752.0,,
3rxbssNItXaXyqc0wJUsYC,Peak,11.0,81977.0,,
3sV8ExJeOGXbanczafavZv,Total,,7564777.0,,
3sV8ExJeOGXbanczafavZv,Peak,1.0,64684.0,,
3uT8QfoX0BE8ZJa4h98LDW,Total,,28966564.0,,
3uT8QfoX0BE8ZJa4h98LDW,Peak,3.0,166219.0,,
3ukrFH17Zl6iEZ2QJ1Zwiy,Total,,34134919.0,,
3ukrFH17Zl6iEZ2QJ1Zwiy,Peak,2.0,67762.0,,
3un8UkiPHJjlsrTHQnisXH,Total,,21948276.0,,
3un8UkiPHJjlsrTHQnisXH,Peak,1.0,355680.0,,
3vWCRttEOSRmXZs8jfAPSX,Total,,1049363.0,,
3vWCRttEOSRmXZs8jfAPSX,Peak,10.0,76068.0,,
3vsmNXDJsCUt2ESWPwFaAv,Total,,1878659.0,,
3vsmNXDJsCUt2ESWPwFaAv,Peak,47.0,49743.0,,
3wn8HJNjkY4wzTBy35ZvQ6,Total,,16949382.0,,
3wn8HJNjkY4wzTBy35ZvQ6,Peak,7.0,46115.0,,
3wrzXRNJVxwOByPpYjyujB,Total,,491874.0,,
3wrzXRNJVxwOByPpYjyujB,Peak,100.0,8335.0,,
3xlhYIhZ7heAvohmw3uyfd,Total,,105805.0,,
3xlhYIhZ7heAvohmw3uyfd,Peak,50.0,30157.0,,
3yWacnoBnM0lrzLmXAk44d,Total,,5324727.0,,
3yWacnoBnM0lrzLmXAk44d,Peak,22.0,66137.0,,
3z6En4mQQJiDQquVkOcBam,Total,,161869.0,,
3z6En4mQQJiDQquVkOcBam,Peak,117.0,31830.0,,
3ztP5O7dJSha2PG429eUCb,Total,,1820367.0,,
3ztP5O7dJSha2PG429eUCb,Peak,43.0,45079.0,,
40jjlmDAskFndmzjWVoCQk,Total,,1644811.0,,
40jjlmDAskFndmzjWVoCQk,Peak,27.0,72305.0,,
40pWxpbXoBYGPCiofujjZ6,Total,,12726641.0,,
40pWxpbXoBYGPCiofujjZ6,Peak,6.0,120673.0,,
41DlPJXKTCypXdf2eSqa03,Total,,25735257.0,,
41DlPJXKTCypXdf2eSqa03,Peak,3.0,212221.0,,
41aMYNen9G7uUbqLfV65cF,Total,,10628578.0,,
41aMYNen9G7uUbqLfV65cF,Peak,54.0,22626.0,,
42mIT9wfmgA48DTN8GmCxX,Total,,605139.0,,
42mIT9wfmgA48DTN8GmCxX,Peak,15.0,19494.0,,
43T0YSkbVXO2gBTJriZhdU,Total,,79338.0,,
43T0YSkbVXO2gBTJriZhdU,Peak,89.0,6331.0,,
44UFK3c62FzOHSemTpz8ZM,Total,,109508.0,,
44UFK3c62FzOHSemTpz8ZM,Peak,166.0,2715.0,,
44sYmL97Lv8mEbzgANFkPD,Total,,3004113.0,,
44sYmL97Lv8mEbzgANFkPD,Peak,61.0,49907.0,,
45Mswno1F7FoZkcmQkp7fi,Total,,27752072.0,,
45Mswno1F7FoZkcmQkp7fi,Peak,1.0,70460.0,,
45PPoUgqs3JrhkZGEzSUHT,Total,,15499550.0,,
45PPoUgqs3JrhkZGEzSUHT,Peak,14.0,38634.0,,
486dVHo58R4EhBQjcYF2NX,Total,,4169349.0,,
486dVHo58R4EhBQjcYF2NX,Peak,3.0,186537.0,,
4A4Qdq6Jl4XilO2FS1sq2y,Total,,565626.0,,
4A4Qdq6Jl4XilO2FS1sq2y,Peak,125.0,22381.0,,
4AT7ZRCPu3jDxA4Y22IO22,Total,,2016743.0,,
4AT7ZRCPu3jDxA4Y22IO22,Peak,26.0,23294.0,,
4AgFXIVT7hVhBZ5DEOaLu3,Total,,25478136.0,,
4AgFXIVT7hVhBZ5DEOaLu3,Peak,2.0,45833.0,,
4CUvVaAYuXtvYURLFz7EIL,Total,,52943500.0,,
4CUvVaAYuXtvYURLFz7EIL,Peak,2.0,72647.0,,
4CjJf5bzvv5ZuLf2FJqlWY,Total,,2332671.0,,
4CjJf5bzvv5ZuLf2FJqlWY,Peak,24.0,24371.0,,
4CrTXVuKQnFlIoscIDgMCq,Total,,186149.0,,
4CrTXVuKQnFlIoscIDgMCq,Peak,53.0,27730.0,,
4ElFTH8hqX7XkzRbCtktfi,Total,,1048664.0,,
4ElFTH8hqX7XkzRbCtktfi,Peak,68.0,43462.0,,
4HHtyJdZVuefcyRmBUcyth,Total,,1165435.0,,
4HHtyJdZVuefcyRmBUcyth,Peak,26.0,42328.0,,
4Iz5EWPCAT8jYNk4IpLoll,Total,,25985235.0,,
4Iz5EWPCAT8jYNk4IpLoll,Peak,9.0,40430.0,,
4Jp3HONKA2ztto0nDs8Qgt,Total,,144637.0,,
4Jp3HONKA2ztto0nDs8Qgt,Peak,110.0,5498.0,,
4LAdZsiks8vsw3e1iZQgVY,Total,,1744088.0,,
4LAdZsiks8vsw3e1iZQgVY,Peak,145.0,27877.0,,
4LOhNmNsr4JSSQqTIsrUo1,Total,,2424561.0,,
4LOhNmNsr4JSSQqTIsrUo1,Peak,7.0,13196.0,,
4MRXbWH2BzuUZcoabj6HRh,Total,,12167545.0,,
4MRXbWH2BzuUZcoabj6HRh,Peak,22.0,21029.0,,
4Mne52NZGUzdlPZSzjQM5f,Total,,90898.0,,
4Mne52NZGUzdlPZSzjQM5f,Peak,67.0,24877.0,,
4N99EuIjwSSFFFMDfTeOLU,Total,,18043584.0,,
4N99EuIjwSSFFFMDfTeOLU,Peak,58.0,37267.0,,
4NTanSVXBkQ2NmDEbr2vLE,Total,,17062160.0,,
4NTanSVXBkQ2NmDEbr2vLE,Peak,5.0,133015.0,,
4NjYMfjV1bonlQxQFUjE4Y,Total,,3467098.0,,
4NjYMfjV1bonlQxQFUjE4Y,Peak,69.0,21739.0,,
4OXAneZHFJyQV1RuzCzmH3,Total,,6013064.0,,
4OXAneZHFJyQV1RuzCzmH3,Peak,69.0,40391.0,,
4PCh6DAkUYKnEmvjV4ouOs,Total,,3735626.0,,
4PCh6DAkUYKnEmvjV4ouOs,Peak,4.0,110581.0,,
4QjxvzEFwb63NZ1pp3wvHy,Total,,1142743.0,,
4QjxvzEFwb63NZ1pp3wvHy,Peak,3.0,44136.0,,
4QkTMKgtkI6P9v9NRzSswS,Total,,893720.0,,
4QkTMKgtkI6P9v9NRzSswS,Peak,93.0,38452.0,,
4RZJObXQzsKQLd25LBjBG8,Total,,2896438.0,,
4RZJObXQzsKQLd25LBjBG8,Peak,43.0,22889.0,,
4Rbnxa7kFSpCHNPJ3uZhtR,Total,,5307892.0,,
4Rbnxa7kFSpCHNPJ3uZhtR,Peak,8.0,28199.0,,
4RwQ5UUOgphhjBM8zF62RQ,Total,,496657.0,,
4RwQ5UUOgphhjBM8zF62RQ,Peak,27.0,21459.0,,
4S0uLMXRoAjFfIJOW7A8aW,Total,,15063499.0,,
4S0uLMXRoAjFfIJOW7A8aW,Peak,2.0,29622.0,,
4UxaMIzEAHLGmNeLoutSaL,Total,,8607.0,,
4UxaMIzEAHLGmNeLoutSaL,Peak,172.0,4366.0,,
4V1BqUA97pWQpPB3gxWwoQ,Total,,2740939.0,,
4V1BqUA97pWQpPB3gxWwoQ,Peak,3.0,29322.0,,
4V2MZcxyltQ4oKSdXOZoV0,Total,,137728.0,,
4V2MZcxyltQ4oKSdXOZoV0,Peak,70.0,10237.0,,
4Wc98oLOg1IuVCGqIhTDVj,Total,,98463.0,,
4Wc98oLOg1IuVCGqIhTDVj,Peak,157.0,6517.0,,
4Wxtt0dAbPrXZDu4wfR8dN,Total,,928537.0,,
4Wxtt0dAbPrXZDu4wfR8dN,Peak,123.0,16795.0,,
4X2iEvLVDm1Acd8Xmxw1ZC,Total,,5615298.0,,
4X2iEvLVDm1Acd8Xmxw1ZC,Peak,3.0,45054.0,,
4XYIKLWUw0QYjcftHNvAYW,Total,,1773899.0,,
4XYIKLWUw0QYjcftHNvAYW,Peak,48.0,48959.0,,
4XkEva4YsNmPQBLe8V126L,Total,,1292214.0,,
4XkEva4YsNmPQBLe8V126L,Peak,115.0,23397.0,,
4XzIYDVTvh1H4Egm50RuLw,Total,,32111.0,,
4XzIYDVTvh1H4Egm50RuLw,Peak,113.0,6945.0,,
4YJVXeScYoka1p1cAWRqlM,Total,,518282.0,,
4YJVXeScYoka1p1cAWRqlM,Peak,48.0,45095.0,,
4YSryHqsD82Krc81l1EJD5,Total,,5755567.0,,
4YSryHqsD82Krc81l1EJD5,Peak,48.0,30655.0,,
4ZEcVT9Po6mt11r7dr95jB,Total,,162400.0,,
4ZEcVT9Po6mt11r7dr95jB,Peak,72.0,24517.0,,
4ZVb8ZUjzUJOTP1RNqUC9y,Total,,240774.0,,
4ZVb8ZUjzUJOTP1RNqUC9y,Peak,93.0,20766.0,,
4a5wfF0SGh3XnDSvihVw79,Total,,801159.0,,
4a5wfF0SGh3XnDSvihVw79,Peak,73.0,5374.0,,
4acXEYw7ayyJnm9GXDrqiL,Total,,10976216.0,,
4acXEYw7ayyJnm9GXDrqiL,Peak,3.0,175789.0,,
4av2EVm9R6KhtXjxKUGTW5,Total,,41896.0,,
4av2EVm9R6KhtXjxKUGTW5,Peak,100.0,13673.0,,
4cS5TlYZ4OlOVKYaSvmZK3,Total,,8284.0,,
4cS5TlYZ4OlOVKYaSvmZK3,Peak,43.0,1912.0,,
4cdY6unqCUrHHI7KOELiaq,Total,,119240.0,,
4cdY6unqCUrHHI7KOELiaq,Peak,153.0,26125.0,,
4cdlZnUEuT8EYisPQkf01g,Total,,2025079.0,,
4cdlZnUEuT8EYisPQkf01g,Peak,52.0,42351.0,,
4eeflgjzTF8xN8U2E0dech,Total,,14775879.0,,
4eeflgjzTF8xN8U2E0dech,Peak,7.0,115622.0,,
4exlWP8cokkWVCvyP3kg7c,Total,,48916157.0,,
4exlWP8cokkWVCvyP3kg7c,Peak,1.0,256080.0,,
4feNnnBOPGY8VaoIk1Q0Mp,Total,,109799.0,,
4feNnnBOPGY8VaoIk1Q0Mp,Peak,87.0,22075.0,,
4fj4Jn4nw8fGX8xdbCntJf,Total,,37697575.0,,
4fj4Jn4nw8fGX8xdbCntJf,Peak,7.0,121365.0,,
4fpd6aRKixkz7usrx7QQkh,Total,,83384.0,,
4fpd6aRKixkz7usrx7QQkh,Peak,124.0,3850.0,,
4gaxEUZE4z9pJAVTSFwgQI,Total,,16696350.0,,
4gaxEUZE4z9pJAVTSFwgQI,Peak,26.0,73218.0,,
4h3K653rm69JYWpO4du2BJ,Total,,18601985.0,,
4h3K653rm69JYWpO4du2BJ,Peak,70.0,30754.0,,
4hdOYl6xm8ry6hZzn9pBqw,Total,,1879659.0,,
4hdOYl6xm8ry6hZzn9pBqw,Peak,19.0,78344.0,,
4ih9noxBfg7euMjCPO0qNH,Total,,24878567.0,,
4ih9noxBfg7euMjCPO0qNH,Peak,1.0,87287.0,,
4inMQ83GNpQ2OHDredH5hW,Total,,219247.0,,
4inMQ83GNpQ2OHDredH5hW,Peak,143.0,7760.0,,
4jWmhzf53Q0ZvZMuGdiR9x,Total,,29544021.0,,
4jWmhzf53Q0ZvZMuGdiR9x,Peak,7.0,91252.0,,
4kjA6oaloTf6ndyntyhZx8,Total,,200726.0,,
4kjA6oaloTf6ndyntyhZx8,Peak,68.0,21804.0,,
4nXrVH5xwN1w6TpmP7uu8n,Total,,35462540.0,,
4nXrVH5xwN1w6TpmP7uu8n,Peak,4.0,205802.0,,
4oGgxjxVOI69h9uOpHOzwn,Total,,5319705.0,,
4oGgxjxVOI69h9uOpHOzwn,Peak,8.0,82195.0,,
4pE1DzYULn6pgud2WcqNs3,Total,,2350747.0,,
4pE1DzYULn6pgud2WcqNs3,Peak,6.0,74005.0,,
4pLNKd4adQqEUvDfm4Q6wC,Total,,1517812.0,,
4pLNKd4adQqEUvDfm4Q6wC,Peak,30.0,36847.0,,
4pVdTj38qEwfPNjv1LYbu0,Total,,88434.0,,
4pVdTj38qEwfPNjv1LYbu0,Peak,141.0,18685.0,,
4qJSUFwZFouto5VZUlln75,Total,,32880123.0,,
4qJSUFwZFouto5VZUlln75,Peak,30.0,56659.0,,
4qYfRfSxsmhJ1WMaywtLyI,Total,,44924273.0,,
4qYfRfSxsmhJ1WMaywtLyI,Peak,1.0,355680.0,,
4r12MbGoZQBt6SQpFyFXq8,Total,,520552.0,,
4r12MbGoZQBt6SQpFyFXq8,Peak,74.0,33405.0,,
4r7hIDwLsasMfj6nk2Wrib,Total,,2589882.0,,
4r7hIDwLsasMfj6nk2Wrib,Peak,24.0,24371.0,,
4rIBbB1vt0lEKDG2UTmfP0,Total,,3583377.0,,
4rIBbB1vt0lEKDG2UTmfP0,Peak,44.0,49764.0,,
4rPrBNnDgdZpS5gosHv0yr,Total,,1813264.0,,
4rPrBNnDgdZpS5gosHv0yr,Peak,23.0,19631.0,,
4s9KzC1CduhQWbekLNCLLB,Total,,78157.0,,
4s9KzC1CduhQWbekLNCLLB,Peak,102.0,7969.0,,
4tqXSj46umlymdIxqY8zso,Total,,13033674.0,,
4tqXSj46umlymdIxqY8zso,Peak,12.0,95386.0,,
4uZs35Zm7ivjQCM7v5nQj8,Total,,1404268.0,,
4uZs35Zm7ivjQCM7v5nQj8,Peak,109.0,22088.0,,
4wC1f4Of7cufpkMCESrvAn,Total,,207715.0,,
4wC1f4Of7cufpkMCESrvAn,Peak,55.0,12030.0,,
4wKcqsZZz2tN4JV7WQfQ70,Total,,349184.0,,
4wKcqsZZz2tN4JV7WQfQ70,Peak,8.0,22388.0,,
4warbIYK76jjJOe87170eZ,Total,,69883.0,,
4warbIYK76jjJOe87170eZ,Peak,157.0,8318.0,,
4wuiHjpRp6Wm0SbNPvDs0W,Total,,755288.0,,
4wuiHjpRp6Wm0SbNPvDs0W,Peak,90.0,34551.0,,
4yD0oJQJOi8KknbskNpjGC,Total,,1328419.0,,
4yD0oJQJOi8KknbskNpjGC,Peak,86.0,29120.0,,
4z5dAyLMnkKSHkOkwbR1RX,Total,,573923.0,,
4z5dAyLMnkKSHkOkwbR1RX,Peak,25.0,14514.0,,
4zKM1dGCOYC2NYN8itGRQz,Total,,93190.0,,
4zKM1dGCOYC2NYN8itGRQz,Peak,100.0,19247.0,,
4zZ8Ulh3NTPoBLZjdVCm8e,Total,,182214.0,,
4zZ8Ulh3NTPoBLZjdVCm8e,Peak,65.0,24908.0,,
50NsdT6u77MIFociYnvzsG,Total,,1789746.0,,
50NsdT6u77MIFociYnvzsG,Peak,1.0,16895.0,,
5106KTen3ogiqKTYXnPbsW,Total,,798047.0,,
5106KTen3ogiqKTYXnPbsW,Peak,37.0,13483.0,,
51CcyloBVIi3VarN6KbSjv,Total,,62619.0,,
51CcyloBVIi3VarN6KbSjv,Peak,83.0,7410.0,,
51bYFYWODfYOZU0rwvjiCc,Total,,6227948.0,,
51bYFYWODfYOZU0rwvjiCc,Peak,27.0,27624.0,,
52cD79EubHFgrw4lW0AnGB,Total,,2517069.0,,
52cD79EubHFgrw4lW0AnGB,Peak,32.0,50816.0,,
53UddVPWHb9p46hhcq5ix4,Total,,372548.0,,
53UddVPWHb9p46hhcq5ix4,Peak,114.0,16588.0,,
53zusvCJkyGYjEZ6bnLIjh,Total,,5597084.0,,
53zusvCJkyGYjEZ6bnLIjh,Peak,45.0,33631.0,,
54EzTMmlLYab5d9psfwmxZ,Total,,316454.0,,
54EzTMmlLYab5d9psfwmxZ,Peak,23.0,23230.0,,
54UNNgtE3zzERwTuWSQLqd,Total,,27367797.0,,
54UNNgtE3zzERwTuWSQLqd,Peak,4.0,44709.0,,
55K3e7BGewGDUJ4ZQwkh7M,Total,,66804.0,,
55K3e7BGewGDUJ4ZQwkh7M,Peak,134.0,8750.0,,
569B75eNRVDABuNz286Npc,Total,,111082.0,,
569B75eNRVDABuNz286Npc,Peak,33.0,15277.0,,
56n21o9wtl9IjFVsGe7BG1,Total,,6497069.0,,
56n21o9wtl9IjFVsGe7BG1,Peak,55.0,22794.0,,
57lYw21pS9FprSeJimskIC,Total,,3112120.0,,
57lYw21pS9FprSeJimskIC,Peak,1.0,69344.0,,
59LeatGytui1mQleoiEnWM,Total,,1864348.0,,
59LeatGytui1mQleoiEnWM,Peak,48.0,46699.0,,
5AmFbL7MClvRYfzae0EUHn,Total,,206765.0,,
5AmFbL7MClvRYfzae0EUHn,Peak,151.0,20826.0,,
5AsZiMkbxLlR68WM3HHKWZ,Total,,476779.0,,
5AsZiMkbxLlR68WM3HHKWZ,Peak,93.0,33839.0,,
5B66uVtd4X6Tls9I2VQm4N,Total,,5204512.0,,
5B66uVtd4X6Tls9I2VQm4N,Peak,25.0,26504.0,,
5BJqg07SKgmFnVLOBmLFvq,Total,,3036755.0,,
5BJqg07SKgmFnVLOBmLFvq,Peak,99.0,26266.0,,
5BO3cbaQDOtf9uZajElRAB,Total,,51006.0,,
5BO3cbaQDOtf9uZajElRAB,Peak,171.0,7838.0,,
5BTzf3doGTigDIYUFtbkI9,Total,,40423066.0,,
5BTzf3doGTigDIYUFtbkI9,Peak,16.0,66841.0,,
5Bti0azlFhMattVY76qFr9,Total,,33169240.0,,
5Bti0azlFhMattVY76qFr9,Peak,12.0,39662.0,,
5C1O3fpMsiisJpHiB1uuDf,Total,,18249907.0,,
5C1O3fpMsiisJpHiB1uuDf,Peak,11.0,84953.0,,
5FFVQGnZuJt9iAYpasTeq4,Total,,2352967.0,,
5FFVQGnZuJt9iAYpasTeq4,Peak,21.0,49223.0,,
5FLgwSb4vP10d0nIo5N0tR,Total,,32417.0,,
5FLgwSb4vP10d0nIo5N0tR,Peak,153.0,3960.0,,
5Fmtix3LkYpcXI7nVFpEyC,Total,,812828.0,,
5Fmtix3LkYpcXI7nVFpEyC,Peak,22.0,27918.0,,
5Fx8zxEEaPMkwzM00JFr3N,Total,,2081836.0,,
5Fx8zxEEaPMkwzM00JFr3N,Peak,78.0,13828.0,,
5GXCpnyiCviIiAiZn13tzn,Total,,1795870.0,,
5GXCpnyiCviIiAiZn13tzn,Peak,62.0,6530.0,,
5H7UgZQk2p5x4nmeuDjmE4,Total,,2657264.0,,
5H7UgZQk2p5x4nmeuDjmE4,Peak,3.0,51277.0,,
5HuDnBhNLj5m865LowtgZQ,Total,,1483785.0,,
5HuDnBhNLj5m865LowtgZQ,Peak,19.0,48662.0,,
5ID0XfoI7DalBK8veu0MFC,Total,,667389.0,,
5ID0XfoI7DalBK8veu0MFC,Peak,9.0,108360.0,,
5IO873C4IP8pXdsXcJiBes,Total,,3134786.0,,
5IO873C4IP8pXdsXcJiBes,Peak,66.0,17933.0,,
5IZDnmnMBzLnE6APoYL26d,Total,,8900698.0,,
5IZDnmnMBzLnE6APoYL26d,Peak,3.0,212221.0,,
5J3m0taZ0W1E9HTE0MwcSv,Total,,27992513.0,,
5J3m0taZ0W1E9HTE0MwcSv,Peak,7.0,102198.0,,
5J90ah0ppUSev1uahqQiN6,Total,,20336998.0,,
5J90ah0ppUSev1uahqQiN6,Peak,15.0,41923.0,,
5JTZCDMaElB4ZBJc41YhMB,Total,,1689539.0,,
5JTZCDMaElB4ZBJc41YhMB,Peak,31.0,50804.0,,
5JoQSuMrHdu7BcgIY9hDcX,Total,,1927317.0,,
5JoQSuMrHdu7BcgIY9hDcX,Peak,42.0,55682.0,,
5K2VTtm9skwbbVP54E0I4E,Total,,2000773.0,,
5K2VTtm9skwbbVP54E0I4E,Peak,6.0,91151.0,,
5KWeHCDuYBslakPuaoQ9yB,Total,,1085213.0,,
5KWeHCDuYBslakPuaoQ9yB,Peak,4.0,27877.0,,
5KYv3kORBKUmVEoqbRRWxt,Total,,2509691.0,,
5KYv3kORBKUmVEoqbRRWxt,Peak,9.0,32372.0,,
5Msoarj5hk9LguTtiIyqug,Total,,16643559.0,,
5Msoarj5hk9LguTtiIyqug,Peak,2.0,77787.0,,
5NxZpeMGUQ5T5At5xZM5Hf,Total,,1087612.0,,
5NxZpeMGUQ5T5At5xZM5Hf,Peak,26.0,20869.0,,
5OrpSDeWfWr33q0a5Ydfhr,Total,,877862.0,,
5OrpSDeWfWr33q0a5Ydfhr,Peak,65.0,42730.0,,
5P5lTAd4r6ro0rMpjwg34u,Total,,91804.0,,
5P5lTAd4r6ro0rMpjwg34u,Peak,65.0,10156.0,,
5P7kRfpLaQRQsHKhgqximh,Total,,724867.0,,
5P7kRfpLaQRQsHKhgqximh,Peak,25.0,41732.0,,
5PFMVgxcZ5BXQQHCi8vsCM,Total,,732459.0,,
5PFMVgxcZ5BXQQHCi8vsCM,Peak,12.0,52989.0,,
5PGh9MyKry8slG5AfvD1eD,Total,,11950838.0,,
5PGh9MyKry8slG5AfvD1eD,Peak,11.0,68412.0,,
5Pm00siVfiAzfwKiYa3C4U,Total,,132036.0,,
5Pm00siVfiAzfwKiYa3C4U,Peak,92.0,4442.0,,
5S2ObREaW7Dl1XMMC7SxGX,Total,,1680364.0,,
5S2ObREaW7Dl1XMMC7SxGX,Peak,10.0,82913.0,,
5T6j0rfpCDBzAxC8Fpd0N7,Total,,37240677.0,,
5T6j0rfpCDBzAxC8Fpd0N7,Peak,1.0,61643.0,,
5TtNxUZBjYR4wgzOpHpS7h,Total,,5879540.0,,
5TtNxUZBjYR4wgzOpHpS7h,Peak,14.0,59906.0,,
5U30iZBlmxkpHqzb1OSnBS,Total,,10369068.0,,
5U30iZBlmxkpHqzb1OSnBS,Peak,73.0,23591.0,,
5U5aFzSWZVGe5gg8eCc8ft,Total,,2084043.0,,
5U5aFzSWZVGe5gg8eCc8ft,Peak,62.0,5881.0,,
5UeD0rVFJXXl3HGjKiZbrt,Total,,256967.0,,
5UeD0rVFJXXl3HGjKiZbrt,Peak,143.0,3567.0,,
5VGOYjxkEaf19LoRPIolD2,Total,,3351633.0,,
5VGOYjxkEaf19LoRPIolD2,Peak,59.0,46440.0,,
5WHuqG7vz4Hy0BU47fPpVp,Total,,1817898.0,,
5WHuqG7vz4Hy0BU47fPpVp,Peak,102.0,6051.0,,
5Wgify5hhk544rP3bSp38q,Total,,2210504.0,,
5Wgify5hhk544rP3bSp38q,Peak,48.0,27985.0,,
5WkJN8HoGWMrd0yDI0OxwA,Total,,315706.0,,
5WkJN8HoGWMrd0yDI0OxwA,Peak,87.0,32818.0,,
5Y2oddbjVGb9vr3ZQroSQF,Total,,47362.0,,
5Y2oddbjVGb9vr3ZQroSQF,Peak,117.0,8266.0,,
5Yau5Tu3KRT9ojyIsv59Um,Total,,24868.0,,
5Yau5Tu3KRT9ojyIsv59Um,Peak,122.0,5537.0,,
5YiNxgEQQTuFi5dKLxxjWm,Total,,7406290.0,,
5YiNxgEQQTuFi5dKLxxjWm,Peak,26.0,55872.0,,
5YiqPAVbiFUj1G1qvbXo0X,Total,,7827699.0,,
5YiqPAVbiFUj1G1qvbXo0X,Peak,9.0,47055.0,,
5ZFkQ67FtnmtWLVh2AkAhi,Total,,147628.0,,
5ZFkQ67FtnmtWLVh2AkAhi,Peak,133.0,24276.0,,
5bDYi5F6QeZvjxzF6WUfea,Total,,5396696.0,,
5bDYi5F6QeZvjxzF6WUfea,Peak,5.0,127409.0,,
5c1jQljrWLboweMtHesFT1,Total,,247531.0,,
5c1jQljrWLboweMtHesFT1,Peak,171.0,21700.0,,
5ca1aUHYwTDNO5E6unithq,Total,,2277548.0,,
5ca1aUHYwTDNO5E6unithq,Peak,21.0,84737.0,,
5cml547MByVlaVrKU2lJTg,Total,,17004730.0,,
5cml547MByVlaVrKU2lJTg,Peak,17.0,41906.0,,
5cn5oHiXJTLiuthgbgfkMh,Total,,6355066.0,,
5cn5oHiXJTLiuthgbgfkMh,Peak,100.0,34747.0,,
5dZHey2U2xrNpvgyop8URS,Total,,5054961.0,,
5dZHey2U2xrNpvgyop8URS,Peak,2.0,39287.0,,
5f4u0kPnU21qNe6fXgAUiV,Total,,3960196.0,,
5f4u0kPnU21qNe6fXgAUiV,Peak,23.0,59002.0,,
5gBLuVQ6Ba7Ab6nlTROxFY,Total,,2060394.0,,
5gBLuVQ6Ba7Ab6nlTROxFY,Peak,40.0,26950.0,,
5gn0Df0Aa7EM98shC3daR6,Total,,1537432.0,,
5gn0Df0Aa7EM98shC3daR6,Peak,114.0,34032.0,,
5i17rzCuZfYVzoP441PXGu,Total,,52898.0,,
5i17rzCuZfYVzoP441PXGu,Peak,88.0,10069.0,,
5iMdP8UpQS4Vn43R30fhhs,Total,,216204.0,,
5iMdP8UpQS4Vn43R30fhhs,Peak,111.0,20336.0,,
5iZHnufFUgATzrpGgH1K0W,Total,,38949535.0,,
5iZHnufFUgATzrpGgH1K0W,Peak,1.0,49111.0,,
5jL0h9UUmy8NXq5Kz0E7Po,Total,,242501.0,,
5jL0h9UUmy8NXq5Kz0E7Po,Peak,73.0,13077.0,,
5kJMW3pK49PvQDtpVryHf5,Total,,4112291.0,,
5kJMW3pK49PvQDtpVryHf5,Peak,20.0,34332.0,,
5lGvFOz1d6659Llxqx1qAH,Total,,212919.0,,
5lGvFOz1d6659Llxqx1qAH,Peak,123.0,29284.0,,
5m6oe6saYJkVSbouNrNfUw,Total,,400382.0,,
5m6oe6saYJkVSbouNrNfUw,Peak,105.0,36125.0,,
5mBWIm9EGnhZRYBYgAS72m,Total,,4762594.0,,
5mBWIm9EGnhZRYBYgAS72m,Peak,3.0,29322.0,,
5mG5cQE6SEYxnGCX3I09IC,Total,,4253536.0,,
5mG5cQE6SEYxnGCX3I09IC,Peak,2.0,78362.0,,
5nD5PVXUkIpv0WcwfNFrgS,Total,,19658065.0,,
5nD5PVXUkIpv0WcwfNFrgS,Peak,3.0,34739.0,,
5oCu6XaPGcaTmpMX3NnQ4m,Total,,22518.0,,
5oCu6XaPGcaTmpMX3NnQ4m,Peak,41.0,12039.0,,
5oaIMITSxQkzWe03fh2FUU,Total,,70128.0,,
5oaIMITSxQkzWe03fh2FUU,Peak,149.0,5827.0,,
5pf3f5rhtUnZ1PeTcHKVdz,Total,,3741287.0,,
5pf3f5rhtUnZ1PeTcHKVdz,Peak,8.0,11073.0,,
5pjrSk2jdRrFUfQuCQrQC9,Total,,2314324.0,,
5pjrSk2jdRrFUfQuCQrQC9,Peak,4.0,29577.0,,
5ppEcbmLECxrMYgDxwIJaP,Total,,1118689.0,,
5ppEcbmLECxrMYgDxwIJaP,Peak,138.0,23082.0,,
5qbjUmVV1yOOjcMOInNPYD,Total,,14334242.0,,
5qbjUmVV1yOOjcMOInNPYD,Peak,11.0,43660.0,,
5qr3vaUs2uL0kdyPnNG3VA,Total,,97435.0,,
5qr3vaUs2uL0kdyPnNG3VA,Peak,86.0,8013.0,,
5rvn7zGZYmFDq27Y2P7tPu,Total,,67854.0,,
5rvn7zGZYmFDq27Y2P7tPu,Peak,92.0,6524.0,,
5sGAdzerznua6nkFZr4jW6,Total,,2701955.0,,
5sGAdzerznua6nkFZr4jW6,Peak,58.0,44383.0,,
5tGyy0xulegIEiuJij70WY,Total,,189315.0,,
5tGyy0xulegIEiuJij70WY,Peak,9.0,18682.0,,
5tdz7T4hTxA1ipJMBe24uX,Total,,7052584.0,,
5tdz7T4hTxA1ipJMBe24uX,Peak,67.0,36257.0,,
5usije28Kb2Dvzg1kZaa21,Total,,36612.0,,
5usije28Kb2Dvzg1kZaa21,Peak,108.0,7976.0,,
5uye47llqkE8Oyn56Y3IkW,Total,,1233297.0,,
5uye47llqkE8Oyn56Y3IkW,Peak,16.0,14086.0,,
5v3J1lYjtJgEM1buAa1Oe5,Total,,512025.0,,
5v3J1lYjtJgEM1buAa1Oe5,Peak,45.0,31336.0,,
5xfeQsy7aUdM1pHvTRZMDI,Total,,320950.0,,
5xfeQsy7aUdM1pHvTRZMDI,Peak,46.0,14086.0,,
5yNB5nPXblrSwtS9d0ssAU,Total,,2555014.0,,
5yNB5nPXblrSwtS9d0ssAU,Peak,56.0,42726.0,,
5yrPkBvOBvqfSjDhoRzDlO,Total,,10766704.0,,
5yrPkBvOBvqfSjDhoRzDlO,Peak,3.0,67302.0,,
62SFLTN7txImu8pQwBMP6A,Total,,14246090.0,,
62SFLTN7txImu8pQwBMP6A,Peak,3.0,72863.0,,
62bwj2FZsr0ljcap1FEf8g,Total,,5240993.0,,
62bwj2FZsr0ljcap1FEf8g,Peak,39.0,60265.0,,
62yjCIcPBDX9v2XubelRxt,Total,,44300.0,,
62yjCIcPBDX9v2XubelRxt,Peak,86.0,4120.0,,
63q4o5Nh1ykbhdo4rKEW9c,Total,,4953976.0,,
63q4o5Nh1ykbhdo4rKEW9c,Peak,24.0,17250.0,,
63qZf6349d3ngku9hrzLac,Total,,4620230.0,,
63qZf6349d3ngku9hrzLac,Peak,5.0,38756.0,,
63sss8NjI2cmUWe1D3WwnS,Total,,284694.0,,
63sss8NjI2cmUWe1D3WwnS,Peak,177.0,19651.0,,
64PCybDxes3edHijrcsPV4,Total,,5275306.0,,
64PCybDxes3edHijrcsPV4,Peak,5.0,126177.0,,
64uzIqhEOq1veSVO03Ux7D,Total,,1329964.0,,
64uzIqhEOq1veSVO03Ux7D,Peak,88.0,37459.0,,
6523STZxyVjkdIKPB6CHfH,Total,,628238.0,,
6523STZxyVjkdIKPB6CHfH,Peak,20.0,14615.0,,
65uxT4ZGe6eOABj1g5V2Fj,Total,,461057.0,,
65uxT4ZGe6eOABj1g5V2Fj,Peak,72.0,9233.0,,
66KCoeGPimoVR3FInucM9Q,Total,,704220.0,,
66KCoeGPimoVR3FInucM9Q,Peak,16.0,18670.0,,
67Cxa088HT5J5OJ0SWB6Ip,Total,,1061959.0,,
67Cxa088HT5J5OJ0SWB6Ip,Peak,93.0,15096.0,,
67XDF7KTKW0aBj1Sj3gi6x,Total,,42646.0,,
67XDF7KTKW0aBj1Sj3gi6x,Peak,138.0,5473.0,,
696w9BHmEY62myVCSDyrYW,Total,,7172069.0,,
696w9BHmEY62myVCSDyrYW,Peak,6.0,15304.0,,
69CA72t8PPWgEFExXhuqII,Total,,681523.0,,
69CA72t8PPWgEFExXhuqII,Peak,64.0,37998.0,,
69EwGs863aPS8olgCWtZ8J,Total,,33726.0,,
69EwGs863aPS8olgCWtZ8J,Peak,160.0,5524.0,,
6AH74QQxzjqTsvj7lFQoqy,Total,,586027.0,,
6AH74QQxzjqTsvj7lFQoqy,Peak,112.0,26394.0,,
6Aq4aOWwYShupneZy71zE4,Total,,777147.0,,
6Aq4aOWwYShupneZy71zE4,Peak,29.0,38478.0,,
6B4AdZzwagId7wvWeJEkiq,Total,,1169399.0,,
6B4AdZzwagId7wvWeJEkiq,Peak,10.0,19425.0,,
6Bh5qRgU4AysQh3Vv2N5Nt,Total,,877313.0,,
6Bh5qRgU4AysQh3Vv2N5Nt,Peak,49.0,15055.0,,
6C1uzaA6dThCNQt89fk4kJ,Total,,87478.0,,
6C1uzaA6dThCNQt89fk4kJ,Peak,104.0,16903.0,,
6D94p9ASguBcYlDC0o56vx,Total,,24968593.0,,
6D94p9ASguBcYlDC0o56vx,Peak,22.0,84048.0,,
6DyotcCWPqKQT8YWireU6L,Total,,11608453.0,,
6DyotcCWPqKQT8YWireU6L,Peak,62.0,33116.0,,
6GJi4nSZOiTOU2FhsgxWyH,Total,,18268906.0,,
6GJi4nSZOiTOU2FhsgxWyH,Peak,1.0,93035.0,,
6GUGn0yUS6PvyYIXOoaT4j,Total,,1245668.0,,
6GUGn0yUS6PvyYIXOoaT4j,Peak,18.0,48932.0,,
6HE6jZ7J0T6Rry0lcGTZYv,Total,,415308.0,,
6HE6jZ7J0T6Rry0lcGTZYv,Peak,21.0,15364.0,,
6HGOxrNik4iPurqStawTFQ,Total,,7463940.0,,
6HGOxrNik4iPurqStawTFQ,Peak,1.0,455604.0,,
6HpkHTTwfVmSoopeloHqOp,Total,,4774573.0,,
6HpkHTTwfVmSoopeloHqOp,Peak,4.0,65888.0,,
6Hs2xIgB8nzyGFDvVA8lFa,Total,,33769209.0,,
6Hs2xIgB8nzyGFDvVA8lFa,Peak,2.0,53572.0,,
6IHLOkgZftkcqS3fM0jMCT,Total,,14636734.0,,
6IHLOkgZftkcqS3fM0jMCT,Peak,9.0,115073.0,,
6INhamAhXUTRuXliyDirMV,Total,,556046.0,,
6INhamAhXUTRuXliyDirMV,Peak,90.0,34551.0,,
6IQ4jy1T0Ddkfmo8gfrzL4,Total,,32030.0,,
6IQ4jy1T0Ddkfmo8gfrzL4,Peak,104.0,5990.0,,
6IUEwlNgVnT5CYeBuq6DTH,Total,,2008124.0,,
6IUEwlNgVnT5CYeBuq6DTH,Peak,3.0,105240.0,,
6IXoUck5836HxHL4y1DoYu,Total,,58858.0,,
6IXoUck5836HxHL4y1DoYu,Peak,61.0,15817.0,,
6ImWeruCQWxZ9WNodYwjvg,Total,,174875.0,,
6ImWeruCQWxZ9WNodYwjvg,Peak,128.0,28618.0,,
6IrjIvxxqZuidkENjW72Q5,Total,,232890.0,,
6IrjIvxxqZuidkENjW72Q5,Peak,105.0,8755.0,,
6JCgjW0daPZ2hkkciOPTX4,Total,,57761.0,,
6JCgjW0daPZ2hkkciOPTX4,Peak,117.0,9468.0,,
6KgZf5gZgF1KLNxq1qZgHP,Total,,24654085.0,,
6KgZf5gZgF1KLNxq1qZgHP,Peak,6.0,117363.0,,
6MgCMS8q3NA89TnVuPLvIN,Total,,3094941.0,,
6MgCMS8q3NA89TnVuPLvIN,Peak,6.0,74005.0,,
6NAlg9IZh3T3uQVeBtmjo3,Total,,181387.0,,
6NAlg9IZh3T3uQVeBtmjo3,Peak,50.0,11637.0,,
6NCBemUJvjspFiLuATSUm3,Total,,192467.0,,
6NCBemUJvjspFiLuATSUm3,Peak,31.0,17900.0,,
6P7xEmk7ZZYz0AV84uOwiW,Total,,4420540.0,,
6P7xEmk7ZZYz0AV84uOwiW,Peak,10.0,88873.0,,
6Q2oEdOhRjZ1DTv2a7j0lN,Total,,5789496.0,,
6Q2oEdOhRjZ1DTv2a7j0lN,Peak,86.0,36787.0,,
6Rah0twMGdoudVfDpscqpo,Total,,127119.0,,
6Rah0twMGdoudVfDpscqpo,Peak,133.0,23422.0,,
6SdPpLl72QarBuaxv7FNGw,Total,,1145729.0,,
6SdPpLl72QarBuaxv7FNGw,Peak,22.0,46796.0,,
6SjnTRDyTM162pPOAM0O8M,Total,,838493.0,,
6SjnTRDyTM162pPOAM0O8M,Peak,36.0,20089.0,,
6SlgEjTI7VVT7FVFfDAx17,Total,,176485.0,,
6SlgEjTI7VVT7FVFfDAx17,Peak,70.0,8709.0,,
6VXVYATpQXEIoZ97NnWCmn,Total,,48268285.0,,
6VXVYATpQXEIoZ97NnWCmn,Peak,2.0,81046.0,,
6VvFEO2TRnAm3AIjItNSuU,Total,,189510.0,,
6VvFEO2TRnAm3AIjItNSuU,Peak,42.0,38061.0,,
6Wi18yv3aoO0ZF4uulguof,Total,,5232059.0,,
6Wi18yv3aoO0ZF4uulguof,Peak,43.0,26039.0,,
6Yr49px8UOb8LEwY2eORNV,Total,,1228463.0,,
6Yr49px8UOb8LEwY2eORNV,Peak,73.0,5374.0,,
6a1uj8onBHUi6TKSREPxHY,Total,,1464363.0,,
6a1uj8onBHUi6TKSREPxHY,Peak,41.0,56377.0,,
6aeU5IH8DB1qHK5jRFTNUv,Total,,3360659.0,,
6aeU5IH8DB1qHK5jRFTNUv,Peak,4.0,27510.0,,
6ahYdGHGTfy83VwR4AhQi9,Total,,309798.0,,
6ahYdGHGTfy83VwR4AhQi9,Peak,130.0,24027.0,,
6avf87RlBlDYMbdcRx2tDK,Total,,694211.0,,
6avf87RlBlDYMbdcRx2tDK,Peak,73.0,37711.0,,
6bXmKNVe9YIjoyDbz04nWg,Total,,2071125.0,,
6bXmKNVe9YIjoyDbz04nWg,Peak,31.0,14088.0,,
6cVohsG3hJgnctUZ1eLJFH,Total,,299444.0,,
6cVohsG3hJgnctUZ1eLJFH,Peak,54.0,10070.0,,
6cc5PzJUddXskJGHJINw9F,Total,,717398.0,,
6cc5PzJUddXskJGHJINw9F,Peak,4.0,126630.0,,
6e7oHe23DEca4sEOgu5bPd,Total,,220181.0,,
6e7oHe23DEca4sEOgu5bPd,Peak,35.0,49500.0,,
6eOD2p1cGmxLiYA0UR03O1,Total,,140761.0,,
6eOD2p1cGmxLiYA0UR03O1,Peak,69.0,28162.0,,
6eZXnm0149lcpJYP2GAPvP,Total,,120369.0,,
6eZXnm0149lcpJYP2GAPvP,Peak,75.0,24058.0,,
6ecdnYq7ob5tvxlT3U2xwV,Total,,1305741.0,,
6ecdnYq7ob5tvxlT3U2xwV,Peak,141.0,30879.0,,
6f7M5UzYYeLFCMIBQhxk2J,Total,,10423793.0,,
6f7M5UzYYeLFCMIBQhxk2J,Peak,5.0,98191.0,,
6fDa6IEt8EAFkHH4hShFK4,Total,,2935953.0,,
6fDa6IEt8EAFkHH4hShFK4,Peak,59.0,15731.0,,
6hLEsk1t37XKNwtTQ3iI1b,Total,,1080978.0,,
6hLEsk1t37XKNwtTQ3iI1b,Peak,16.0,25447.0,,
6hUpxEKFSjS8metuA1yxlf,Total,,7125536.0,,
6hUpxEKFSjS8metuA1yxlf,Peak,40.0,46377.0,,
6iXGivPFpsqKmrINhIbPvx,Total,,33209268.0,,
6iXGivPFpsqKmrINhIbPvx,Peak,8.0,38152.0,,
6jOP08e9PHDnoF3reZcePE,Total,,3460741.0,,
6jOP08e9PHDnoF3reZcePE,Peak,4.0,32513.0,,
6jcLKVmEKAQIXIVHJZ8vzS,Total,,21799794.0,,
6jcLKVmEKAQIXIVHJZ8vzS,Peak,39.0,39253.0,,
6jdOqxknJi9PTw32wd3eJZ,Total,,480178.0,,
6jdOqxknJi9PTw32wd3eJZ,Peak,31.0,50804.0,,
6kCU6i8iRrAAmJJ8Sj4JYC,Total,,13165871.0,,
6kCU6i8iRrAAmJJ8Sj4JYC,Peak,37.0,54371.0,,
6lhwqbxrVsfCdTpfb7ga34,Total,,1738462.0,,
6lhwqbxrVsfCdTpfb7ga34,Peak,47.0,44135.0,,
6lmJXxTcLTe6bdgwSfTqhO,Total,,1087548.0,,
6lmJXxTcLTe6bdgwSfTqhO,Peak,27.0,11255.0,,
6m1oexLqQpf9nbrkrHXOWc,Total,,1770623.0,,
6m1oexLqQpf9nbrkrHXOWc,Peak,80.0,18380.0,,
6mnkGSgd8eHVv1C38pDP9o,Total,,1395835.0,,
6mnkGSgd8eHVv1C38pDP9o,Peak,69.0,15491.0,,
6muALFzH8p6LSY7b4vwOdi,Total,,72136.0,,
6muALFzH8p6LSY7b4vwOdi,Peak,100.0,3416.0,,
6omqlTpk0xulezHygipOZx,Total,,388215.0,,
6omqlTpk0xulezHygipOZx,Peak,86.0,31595.0,,
6osYEcGOlS3jEedcW96GlM,Total,,40830.0,,
6osYEcGOlS3jEedcW96GlM,Peak,13.0,3321.0,,
6r5o9yIc16ZvymXUKJQ1yy,Total,,6173269.0,,
6r5o9yIc16ZvymXUKJQ1yy,Peak,7.0,110137.0,,
6s9xQXSKc8tYMe1ZH5aiYs,Total,,1637779.0,,
6s9xQXSKc8tYMe1ZH5aiYs,Peak,28.0,53169.0,,
6sIWcLjuMvOcxAfMOx1kbB,Total,,1537542.0,,
6sIWcLjuMvOcxAfMOx1kbB,Peak,56.0,32768.0,,
6uxuJ8Fr1AAfSPJUF9N1yr,Total,,31667080.0,,
6uxuJ8Fr1AAfSPJUF9N1yr,Peak,1.0,52709.0,,
6xKs4CnVadRzdNZ48vhT27,Total,,4921046.0,,
6xKs4CnVadRzdNZ48vhT27,Peak,48.0,40590.0,,
6xNed18guKRAOZMkvlxFA5,Total,,268262.0,,
6xNed18guKRAOZMkvlxFA5,Peak,86.0,31595.0,,
6yLbighkE0kn1OH9zd4aBi,Total,,302716.0,,
6yLbighkE0kn1OH9zd4aBi,Peak,27.0,53513.0,,
6zrQLaZG0OlT63oUDwFKri,Total,,2709221.0,,
6zrQLaZG0OlT63oUDwFKri,Peak,56.0,21568.0,,
703QXwWn5KdNaoviarYHAO,Total,,4198782.0,,
703QXwWn5KdNaoviarYHAO,Peak,1.0,41687.0,,
70SyyW2Z1A5UNY3g8bPo5I,Total,,1740015.0,,
70SyyW2Z1A5UNY3g8bPo5I,Peak,2.0,17241.0,,
70cMlm2Ib00pnJHtjMem9b,Total,,184005.0,,
70cMlm2Ib00pnJHtjMem9b,Peak,101.0,4404.0,,
719Z1dnp95fwmbs2st1PKn,Total,,177375.0,,
719Z1dnp95fwmbs2st1PKn,Peak,64.0,25869.0,,
72NMPuJCRsOUoXQJdzVfdo,Total,,6508736.0,,
72NMPuJCRsOUoXQJdzVfdo,Peak,11.0,102313.0,,
72ictTz6o0dusD2QpCn4bn,Total,,8714835.0,,
72ictTz6o0dusD2QpCn4bn,Peak,31.0,55921.0,,
73ax9vvEPz8yXm9TCrn2Y1,Total,,764085.0,,
73ax9vvEPz8yXm9TCrn2Y1,Peak,40.0,47257.0,,
74WxAcXpJGlxjGee6elaiX,Total,,196013.0,,
74WxAcXpJGlxjGee6elaiX,Peak,70.0,27181.0,,
74bsZnXDo2BKMeFJcEPLb9,Total,,92877.0,,
74bsZnXDo2BKMeFJcEPLb9,Peak,57.0,12348.0,,
758HpAro9xbPugUESFncw0,Total,,473743.0,,
758HpAro9xbPugUESFncw0,Peak,43.0,33905.0,,
75NgcOsgURBLTPpRzAsxp0,Total,,296916.0,,
75NgcOsgURBLTPpRzAsxp0,Peak,141.0,5577.0,,
76LJNZFUi9NOGkpZnIIRVX,Total,,347774.0,,
76LJNZFUi9NOGkpZnIIRVX,Peak,31.0,51921.0,,
76UWLyJm10LudXC3rdYSRO,Total,,1242083.0,,
76UWLyJm10LudXC3rdYSRO,Peak,74.0,41582.0,,
76zJmpyMFX49tGT3u06JaK,Total,,1158384.0,,
76zJmpyMFX49tGT3u06JaK,Peak,5.0,53839.0,,
786cTF2koRtvnQd4HZCrJi,Total,,1926593.0,,
786cTF2koRtvnQd4HZCrJi,Peak,47.0,44135.0,,
78lw4wahFNotXb0mOEtPkM,Total,,12422772.0,,
78lw4wahFNotXb0mOEtPkM,Peak,19.0,65984.0,,
79ME0P8ch9estARqe674HK,Total,,1312073.0,,
79ME0P8ch9estARqe674HK,Peak,8.0,19992.0,,
7AD5F85waSb3yZxZxEXhJM,Total,,20369331.0,,
7AD5F85waSb3yZxZxEXhJM,Peak,20.0,40552.0,,
7Cjsw965r7mVK888ZqP6Wo,Total,,8350624.0,,
7Cjsw965r7mVK888ZqP6Wo,Peak,17.0,90031.0,,
7CoOFEoC3xg3iJ2srBsizf,Total,,1729407.0,,
7CoOFEoC3xg3iJ2srBsizf,Peak,95.0,26992.0,,
7D9tiidrBDQRgCENeIhko0,Total,,651074.0,,
7D9tiidrBDQRgCENeIhko0,Peak,32.0,46242.0,,
7ESH2ntyD5Bb1XckoJU554,Total,,2988636.0,,
7ESH2ntyD5Bb1XckoJU554,Peak,8.0,105464.0,,
7EaPodlfG3tbhshy7MKzTL,Total,,657010.0,,
7EaPodlfG3tbhshy7MKzTL,Peak,39.0,33815.0,,
7Ebm9NxzNhUX2FxzBl1kwm,Total,,545485.0,,
7Ebm9NxzNhUX2FxzBl1kwm,Peak,15.0,68348.0,,
7FX4Ae2nf5U6Y42AEMR9lc,Total,,2054303.0,,
7FX4Ae2nf5U6Y42AEMR9lc,Peak,19.0,68089.0,,
7KNVYQdx7arRoeEJi9C9IR,Total,,796720.0,,
7KNVYQdx7arRoeEJi9C9IR,Peak,78.0,4924.0,,
7LVrrX8pkzI9fMF88nGabt,Total,,34086522.0,,
7LVrrX8pkzI9fMF88nGabt,Peak,1.0,105992.0,,
7MObIQOs5ESkbcihA9dcsz,Total,,1007819.0,,
7MObIQOs5ESkbcihA9dcsz,Peak,17.0,29679.0,,
7bgTQM4WaCDHMVxYxP78qq,Total,,712780.0,,
7bgTQM4WaCDHMVxYxP78qq,Peak,107.0,35130.0,,
7bmk1GEufZOrycr3HXZGN2,Total,,54290.0,,
7bmk1GEufZOrycr3HXZGN2,Peak,74.0,7872.0,,
7bn8ckDTI4EQIKZ6jRL4K0,Total,,338332.0,,
7bn8ckDTI4EQIKZ6jRL4K0,Peak,46.0,28689.0,,
7eDrdQ7PK9Xm1CZCKWsgmH,Total,,12525101.0,,
7eDrdQ7PK9Xm1CZCKWsgmH,Peak,17.0,33009.0,,
7fBS3lMEHU3XIzn6lXgH3X,Total,,533857.0,,
7fBS3lMEHU3XIzn6lXgH3X,Peak,12.0,20957.0,,
7fCeYpR02Q8JVuD88hJZVT,Total,,15142076.0,,
7fCeYpR02Q8JVuD88hJZVT,Peak,6.0,148256.0,,
7fFvPlrcO79gXfErRuqaoC,Total,,1337147.0,,
7fFvPlrcO79gXfErRuqaoC,Peak,5.0,4633.0,,
7fNHfgOxPLcg4mQLhCnOHB,Total,,15819387.0,,
7fNHfgOxPLcg4mQLhCnOHB,Peak,82.0,33415.0,,
7h2zqUH4bYyknNUxsYnS5V,Total,,15330774.0,,
7h2zqUH4bYyknNUxsYnS5V,Peak,30.0,31354.0,,
7hkvAaJNRlnetwv8Se2kDA,Total,,2929951.0,,
7hkvAaJNRlnetwv8Se2kDA,Peak,43.0,31609.0,,
7hzVxbVA6Y5t9YDzpSgdRS,Total,,2195749.0,,
7hzVxbVA6Y5t9YDzpSgdRS,Peak,5.0,28078.0,,
7j3XQm7RR8T2EzaYtYK4rc,Total,,15311101.0,,
7j3XQm7RR8T2EzaYtYK4rc,Peak,43.0,46450.0,,
7jLSThU5Kg1RWt19Leiaxm,Total,,50241780.0,,
7jLSThU5Kg1RWt19Leiaxm,Peak,1.0,88934.0,,
7jbnA8sL3dpOYRrFrVURf0,Total,,430159.0,,
7jbnA8sL3dpOYRrFrVURf0,Peak,83.0,20386.0,,
7kKu4NWeBh01I6aTIEP9bg,Total,,6693539.0,,
7kKu4NWeBh01I6aTIEP9bg,Peak,25.0,71212.0,,
7kgzRBNkBRArtTPkYjWLYT,Total,,34714280.0,,
7kgzRBNkBRArtTPkYjWLYT,Peak,7.0,48512.0,,
7kpNUrBDYDoX6QKGzrBD1R,Total,,18631508.0,,
7kpNUrBDYDoX6QKGzrBD1R,Peak,8.0,60604.0,,
7lkWAB0Ru7WEa0mkdgiqJG,Total,,3766931.0,,
7lkWAB0Ru7WEa0mkdgiqJG,Peak,1.0,41297.0,,
7mA9oPfWSMXKOdPZqyow55,Total,,127694.0,,
7mA9oPfWSMXKOdPZqyow55,Peak,59.0,35439.0,,
7mblTCdc14ylJ1JW71MODb,Total,,7679912.0,,
7mblTCdc14ylJ1JW71MODb,Peak,10.0,108635.0,,
7nmpSarD95GZjdlzIpSKZR,Total,,73205.0,,
7nmpSarD95GZjdlzIpSKZR,Peak,111.0,10558.0,,
7oBUoEbCDF748UkHnLusUB,Total,,26445693.0,,
7oBUoEbCDF748UkHnLusUB,Peak,4.0,28374.0,,
7oX6qKTnKeVG6iT0qG1i29,Total,,4541049.0,,
7oX6qKTnKeVG6iT0qG1i29,Peak,31.0,25133.0,,
7paCdW3grnoEi95tjO1OkG,Total,,7805773.0,,
7paCdW3grnoEi95tjO1OkG,Peak,91.0,33706.0,,
7pqx5vF7DzkVtEdsXQ9iua,Total,,3337309.0,,
7pqx5vF7DzkVtEdsXQ9iua,Peak,28.0,53169.0,,
7rBaTQRsf7BHcFfvXQBSHR,Total,,111319.0,,
7rBaTQRsf7BHcFfvXQBSHR,Peak,124.0,11047.0,,
7rIPVGTU46ILYVrrblSu4P,Total,,183172.0,,
7rIPVGTU46ILYVrrblSu4P,Peak,57.0,15791.0,,
7rjtRM1AgmmraeTTX8tofW,Total,,4550151.0,,
7rjtRM1AgmmraeTTX8tofW,Peak,1.0,178552.0,,
7sZgN8O9VpGPbNv4TWfvTy,Total,,188645.0,,
7sZgN8O9VpGPbNv4TWfvTy,Peak,99.0,12245.0,,
7sZgr8RsXkDwkmiQok691a,Total,,3890094.0,,
7sZgr8RsXkDwkmiQok691a,Peak,73.0,28892.0,,
7skGrIrRzO0APhASzAKfNi,Total,,1748394.0,,
7skGrIrRzO0APhASzAKfNi,Peak,84.0,7416.0,,
7ssVARiCxa9KentfZXhZEr,Total,,532511.0,,
7ssVARiCxa9KentfZXhZEr,Peak,8.0,22780.0,,
7td8DTWoGC9u9db37mGHX6,Total,,13172328.0,,
7td8DTWoGC9u9db37mGHX6,Peak,6.0,74246.0,,
7uowi8hg7oAnwhOddWyy5r,Total,,6171.0,,
7uowi8hg7oAnwhOddWyy5r,Peak,37.0,2041.0,,
7vJyCz6Q8AE13xfPo6iQAz,Total,,2041276.0,,
7vJyCz6Q8AE13xfPo6iQAz,Peak,7.0,12985.0,,
7vKjOiBl4LiaQaPM3M0UwW,Total,,829359.0,,
7vKjOiBl4LiaQaPM3M0UwW,Peak,79.0,43346.0,,
7wHBNIBO353lf9aVvmUydT,Total,,1509400.0,,
7wHBNIBO353lf9aVvmUydT,Peak,54.0,5739.0,,
7wj9sGlHGTMQ28liyi48hz,Total,,29761279.0,,
7wj9sGlHGTMQ28liyi48hz,Peak,1.0,256080.0,,
7wkX67ruxr3x2GFz6vyIX9,Total,,26104431.0,,
7wkX67ruxr3x2GFz6vyIX9,Peak,1.0,52709.0,,
7yfcQynap4xcNqnydaFw83,Total,,5307921.0,,
7yfcQynap4xcNqnydaFw83,Peak,8.0,84805.0,,
7zKDCM8YoeC3tqHV5ZmFuy,Total,,607221.0,,
7zKDCM8YoeC3tqHV5ZmFuy,Peak,95.0,5643.0,,
7ztDtVVfNu7HWsMlN49QPa,Total,,71162.0,,
7ztDtVVfNu7HWsMlN49QPa,Peak,57.0,10622.0,,
