id,name,popularity,followers,genres,type
08xn7sYY4KworP8Vc3GoiU,Orinn,56,564203,"['vinahouse', 'vietnamese lo-fi', 'v-pop', 'lo-fi']",artist
0jF7Zlz8P5p74zcH7YwcMU,Anh Quân Idol,45,37760,"['vietnamese lo-fi', 'vinahouse', 'v-pop', 'lo-fi']",artist
7MsHVZKh1TeKgGqm65kZnY,Vũ Duy Khánh,38,22987,"['vinahouse', 'v-pop', 'vietnamese bolero', 'vietnamese lo-fi']",artist
7JpgJSzLFVxFcMIRUhq7vV,Lương Bích Hữu,34,28300,"['vinahouse', 'v-pop', 'vietnamese bolero']",artist
3Po0bFynB4xcPkXmyw3CSl,Moi DJ,17,2569,"['vinahouse', 'v-pop']",artist
5HZtdKfC4xU0wvhEyYDWiY,HIEUTHUHAI,68,2206321,"['v-pop', 'vietnamese hip hop', 'vietnamese lo-fi', 'vietnam indie', 'vinahouse']",artist
3diftVOq7aEIebXKkC34oR,tlinh,66,1445367,"['v-pop', 'vietnamese hip hop', 'vietnam indie', 'vinahouse']",artist
5dfZ5uSmzR7VQK0udbAVpf,Sơn Tùng M-TP,65,6549380,"['v-pop', 'vinahouse', 'vietnamese hip hop']",artist
7Cp2hGcriAaDUAWpXnSEwm,buitruonglinh,64,583384,"['v-pop', 'vietnamese lo-fi', 'vietnam indie', 'vinahouse']",artist
0ZbgKh0FgPYeFP38nVaEGp,Obito,63,928736,"['v-pop', 'vietnamese hip hop', 'vietnam indie']",artist
57g2v7gJZepcwsuwssIfZs,Vũ.,63,2411921,"['v-pop', 'vietnam indie', 'vietnamese lo-fi']",artist
1W2pigH6UYwuTuFbwoSfVZ,RHYDER,63,527748,"['v-pop', 'vietnamese hip hop']",artist
6CGGvCBHWqQ4HXtn5aLhbh,SOOBIN,63,1013741,"['v-pop', 'vietnamese hip hop', 'vietnam indie', 'vinahouse']",artist
1L1VfizWn4DkFt602yD80U,ERIK,63,1024666,"['v-pop', 'vinahouse', 'vietnam indie']",artist
1zSv9qZANOWB4HRE8sxeTL,RPT MCK,62,1169250,"['vietnamese hip hop', 'v-pop', 'vietnam indie']",artist
6zUWZmyi5MLOEynQ5wCI5f,Da LAB,62,1131211,"['v-pop', 'vietnamese hip hop', 'vietnam indie', 'vietnamese lo-fi', 'vinahouse']",artist
4fg8aMZ23d2bxKz7r2vt9v,Negav,62,298661,"['v-pop', 'vietnamese hip hop', 'vietnam indie']",artist
1cPpd989kghzlZqfpP4KwL,RAP VIỆT,62,1899663,"['vietnamese hip hop', 'v-pop']",artist
1LEtM3AleYg1xabW6CRkpi,Đen,61,4296491,"['v-pop', 'vietnamese hip hop', 'vietnam indie', 'vietnamese lo-fi']",artist
0slOzRzTQb1RBBVJbvRITP,Quang Hùng MasterD,61,380936,"['v-pop', 'vinahouse', 'vietnamese hip hop']",artist
6d0dLenjy5CnR5ZMn2agiV,GREY D,60,424331,"['v-pop', 'vietnam indie', 'vietnamese hip hop']",artist
1WvNgEoB66jmHodcj15Zi9,B Ray,60,1011662,"['vietnamese hip hop', 'v-pop', 'vinahouse', 'vietnam indie']",artist
3rjcQ5VIWCN4q7UFetzdeO,JustaTee,60,1124085,"['v-pop', 'vietnamese hip hop', 'vietnam indie', 'vinahouse']",artist
2nSO7JYDbJrYbJmP39qUzj,Binz,59,1194180,"['vietnamese hip hop', 'v-pop', 'vinahouse', 'vietnam indie']",artist
13c4ijEkXNvEFoxGxwp5Su,Pháp Kiều,59,205733,"['v-pop', 'vietnamese hip hop']",artist
2aQnC3DbZB9GbauvhAw7ve,AMEE,59,1529253,"['v-pop', 'vietnamese hip hop', 'vietnam indie']",artist
30eFAXoU2kTjJPf2cq80B8,WEAN,59,429907,"['v-pop', 'vietnamese hip hop', 'vietnam indie']",artist
6NF9Oa4ThQWCj6mogFSrVD,W/N,58,1570794,"['v-pop', 'vietnamese lo-fi', 'vietnamese hip hop', 'vietnam indie']",artist
7yquVKfxBuNFJbG9cy2R8A,Vũ Cát Tường,59,791477,"['v-pop', 'vietnam indie']",artist
5lAfakPZgxFKgiJD6xAF1G,Orange,59,564560,"['v-pop', 'vietnamese hip hop', 'vietnam indie', 'vinahouse']",artist
0V2DfUrZvBuUReS1LFo5ZI,Ngọt,58,867701,"['vietnam indie', 'v-pop', 'vietnamese lo-fi', 'vietnamese hip hop']",artist
6EybZ5zwPNEtEngfrEMevN,JSOL,58,218752,"['v-pop', 'vietnamese hip hop', 'vietnamese lo-fi']",artist
2aMo0CYbTieTisS0BlWc59,VSTRA,57,297716,"['v-pop', 'vietnamese lo-fi', 'vietnamese hip hop', 'vietnam indie']",artist
5FWPIKz9czXWaiNtw45KQs,Đức Phúc,57,1321116,"['v-pop', 'vinahouse', 'vietnam indie']",artist
75Ki5hBCOpDtKGoFyTvLxP,Lou Hoàng,57,500412,"['v-pop', 'vinahouse']",artist
1Qia4CTwh6x0CZbD0079zi,CoolKid,57,106822,"['v-pop', 'vietnamese hip hop']",artist
5M3ffmRiOX9Q8Y4jNeR5wu,Wren Evans,57,613580,"['v-pop', 'vietnam indie', 'vietnamese hip hop', 'vinahouse']",artist
2xvW7dgL1640K8exTcRMS4,Chillies,56,931954,"['v-pop', 'vietnam indie', 'vietnamese hip hop']",artist
6OzE2OdvV2tGAxSBsBuZ74,Hoàng Dũng,56,686349,"['v-pop', 'vietnam indie', 'vietnamese lo-fi', 'vietnamese hip hop']",artist
2rVYwIYNEsMxtt8j5yemHb,T.R.I,55,248223,"['v-pop', 'vietnamese lo-fi', 'vietnam indie', 'vietnamese hip hop']",artist
2xK6qcvfXuFFbU0NL95aeo,Thịnh Suy,55,740110,"['v-pop', 'vietnam indie', 'vietnamese lo-fi']",artist
2NRcG7E1j2sSi8vnUzCcpi,Quân A.P,55,745542,"['v-pop', 'vietnamese lo-fi']",artist
5jTFNkoZebPnX90CbB3F2A,MONO,55,953877,"['v-pop', 'vietnamese hip hop', 'vinahouse']",artist
4bPYvyUn1mWwUwIW57oST2,Emcee L (Da LAB),54,197162,"['v-pop', 'vietnamese lo-fi', 'vietnam indie', 'vietnamese hip hop']",artist
62D1qvKkvUCvXEtY1xwRfo,Anh Tú Atus,54,180883,"['v-pop', 'vietnamese hip hop']",artist
4RPhZ2g5GYff0hKNBlZKXh,Ali Hoàng Dương,54,104342,"['v-pop', 'vietnamese hip hop']",artist
2rKtPYcwYmevNcaqzJOwvf,MANBO,54,154071,"['vietnamese hip hop', 'v-pop', 'vietnam indie']",artist
1n9JKdEdLxrbgJiqz1WZFJ,Tăng Duy Tân,55,341597,"['v-pop', 'vinahouse', 'vietnamese lo-fi']",artist
0gGd4WhPXBSgDX6fdOHcOw,Rhymastic,54,705491,"['v-pop', 'vietnamese hip hop', 'vietnam indie', 'vinahouse']",artist
0IdAjS2LRieBR3gzoazdAw,MIN,55,1082392,"['v-pop', 'vietnamese hip hop', 'vietnam indie', 'vinahouse']",artist
0zo8kCJVktn7oPnzpkbC2p,14 Casper,53,86008,"['v-pop', 'vietnamese lo-fi', 'vietnam indie']",artist
6oqtpFuvCTISMPeGv6P2sj,Bùi Công Nam,53,54830,['v-pop'],artist
0iqum9KAHh3LkgDhuqvTxM,Song Luân,53,67392,"['v-pop', 'vinahouse', 'vietnamese hip hop']",artist
3BWBxpXDxofgji3RKZPIz8,Hoà Minzy,53,433840,"['v-pop', 'vinahouse']",artist
3E6LGptA8lBEXPHAQCE3vr,Kai Đinh,53,89125,"['v-pop', 'vietnamese lo-fi', 'vietnam indie']",artist
1oD9fKbb7qQ2nhn9JJC24F,Thắng,53,237848,"['vietnam indie', 'v-pop', 'vietnamese hip hop']",artist
0tBmmwc8j8zbJxISwdsvjA,Andiez,53,389253,"['v-pop', 'vietnam indie', 'vietnamese lo-fi']",artist
3nGqUwkJHiLPDECMVrX1Sq,Masew,53,654145,"['v-pop', 'vietnamese hip hop', 'vinahouse', 'vietnam indie', 'vietnamese lo-fi']",artist
3Tehj7YghQc7zH0I1faGc6,BigDaddy,52,279208,"['v-pop', 'vietnamese hip hop', 'vinahouse', 'vietnam indie']",artist
3Ufoo4BPShhahtCSjgpBLP,Hứa Kim Tuyền,53,151398,"['v-pop', 'vietnam indie']",artist
40JnMfFlpwqBnWitkL96g4,Isaac,52,215567,"['v-pop', 'vietnamese hip hop']",artist
35HU1GT1q797EwZsP8uduO,Mr.Siro,52,1134448,"['v-pop', 'vinahouse']",artist
5Kh0ta0UY4uJ4g2CIdq9V9,Phương Ly,52,599156,"['v-pop', 'vietnamese hip hop', 'vietnam indie', 'vinahouse']",artist
2Bwp23pD4UVsSkchHDZw4F,Karik,52,474088,"['v-pop', 'vietnamese hip hop', 'vietnam indie']",artist
3euFcFd5Dc7JAz6t7oKg7m,BMZ,52,9980,"['v-pop', 'vinahouse', 'vietnam indie', 'vietnamese lo-fi']",artist
4cLYlDISnWaErAitB8kRph,Quang Trung,52,68353,"['v-pop', 'vietnamese lo-fi', 'vietnamese hip hop', 'vietnam indie']",artist
7LLfmKhGZI11XO0dO4xDI7,Anh Tú,52,190087,"['v-pop', 'vietnamese hip hop']",artist
3FwYnbtGNt8hJfjNuOfpeG,Hà Anh Tuấn,52,1269640,"['v-pop', 'vietnam indie']",artist
2Gvp79Cmni6PX13CAlSGex,Bùi Anh Tuấn,52,351979,['v-pop'],artist
1OIYKbmhG0RxPXvVPNj3NN,Madihu,51,270720,"['v-pop', 'vietnam indie', 'vietnamese hip hop']",artist
3oB1lv9FWDKbNOUvdTw75Q,Bình Gold,52,289382,"['vietnamese hip hop', 'v-pop', 'vinahouse']",artist
14W31zJumZnGDgZuPXclTJ,Thanh Hưng,51,175548,"['v-pop', 'vinahouse', 'vietnamese lo-fi']",artist
0r63ReVRjxrS4ATbLrdcrL,Hoàng Thùy Linh,54,885149,"['v-pop', 'vietnamese hip hop', 'vinahouse', 'vietnam indie']",artist
4R3mugkUqCALXgkwSptTbg,Đạt G,51,498521,"['v-pop', 'vietnamese hip hop', 'vinahouse']",artist
0aNyWetkjBvIdZvJY00yEa,Phan Mạnh Quỳnh,51,1045678,"['v-pop', 'vietnam indie']",artist
3mibIJiduF0MVLLAvHZAxw,Noo Phước Thịnh,51,829482,"['v-pop', 'vinahouse']",artist
70ULEgr5A3zBL12foM4bnj,Vũ Phụng Tiên,50,53224,"['v-pop', 'vinahouse', 'vietnamese hip hop']",artist
56YvnYcOAPPIuSwoZ6uoBP,DT TAP RAP,50,68151,"['v-pop', 'vietnamese hip hop', 'vietnamese lo-fi', 'vinahouse', 'vietnam indie']",artist
5GBXwBVQufRCmwI1bNRIUo,Only C,51,567517,"['v-pop', 'vietnamese hip hop', 'vinahouse']",artist
1fTWz0OemWveF9AMkRPJKi,Forest Studio,51,38305,"['v-pop', 'vietnam indie']",artist
6tWaQSIL7reD85PKStNk28,Kha,50,180376,"['v-pop', 'vietnamese lo-fi', 'vietnam indie', 'vietnamese hip hop', 'vinahouse']",artist
1CWwyDPjCowRTO4p6A7r6g,Mỹ Tâm,51,1985148,"['v-pop', 'vietnamese bolero', 'vietnam indie']",artist
5zT1Ku9mzzl6RW5y4z0hUK,Minh Huy,49,32883,"['v-pop', 'vietnamese hip hop', 'vietnam indie']",artist
6xRZoWlE9twEkMC5NW4Z9f,Hoàng Tôn,50,279451,"['v-pop', 'vietnamese hip hop', 'vinahouse', 'vietnam indie']",artist
4YkqEuVf1Jf2x2XDqJ2CvC,Tóc Tiên,50,281667,"['v-pop', 'vietnam indie', 'vietnamese bolero']",artist
2knyDFP4xw9wZEWA98JX6b,TRANG,50,137255,"['vietnam indie', 'v-pop', 'vietnamese lo-fi']",artist
1yNjtowTJs05S2Xp2g7stg,Freak D,49,133684,"['vietnamese lo-fi', 'v-pop', 'lo-fi', 'vietnam indie']",artist
4x1fUORHa2EsxrQ6ZzAoQ0,SUNI,50,300193,"['v-pop', 'vietnam indie', 'vinahouse']",artist
1nX1HVIUo1Zfs3e2v3lFb9,Changg,49,159072,"['v-pop', 'vietnamese hip hop', 'vietnam indie', 'vietnamese lo-fi']",artist
5Cf9nBDNc99UFkq9Yqap7Q,Trung Quân,49,578672,"['v-pop', 'vietnam indie']",artist
5UNWQJdUbO8Gbg9Qn3r52M,Touliver,49,192149,"['v-pop', 'vietnamese hip hop', 'vinahouse', 'vietnam indie']",artist
3y0Tmt0epaxAHy6L89dGGC,Ngô Lan Hương,49,77594,"['v-pop', 'vietnamese lo-fi', 'vinahouse', 'vietnam indie', 'vietnamese hip hop']",artist
7l7DZWQaVIS13zFgSf7eb4,Tuấn Hưng,49,310325,"['v-pop', 'vietnamese bolero', 'vinahouse']",artist
5fa13NJjmn2uQ3dxZDi2Ge,Bích Phương,49,1224680,"['v-pop', 'vietnamese hip hop', 'vinahouse', 'vietnam indie']",artist
0KWdVd7ZYhtlm0CLHIFBya,Bằng Kiều,48,456340,"['vietnamese bolero', 'v-pop', 'bolero']",artist
63SNH9m8M034lCGELVC1dm,Văn Mai Hương,48,474240,"['v-pop', 'vietnamese hip hop', 'vinahouse', 'vietnam indie']",artist
4e5LAUvM35jleGg8gElTsP,Miu Lê,48,445126,"['v-pop', 'vietnamese hip hop', 'vinahouse']",artist
6fIF1TzV4K21TUWPXoQDAj,UMIE,47,130774,"['v-pop', 'vietnamese hip hop', 'vinahouse']",artist
2CLdtsyD2NsTOBBOVr7fi8,MONSTAR,48,235284,"['v-pop', 'vietnam indie']",artist
4APrfmUo8KRrjCVuyoKvwY,Olew,47,87287,"['v-pop', 'vietnam indie']",artist
3XOuN4VDN4EL0GjKov5mWL,Hà Nhi,48,343227,"['v-pop', 'vinahouse', 'vietnam indie', 'vietnamese lo-fi']",artist
3LbBKYlyMaATS8IIe7HJ0d,Hoàng Duyên,47,86327,"['v-pop', 'vietnam indie', 'vietnamese lo-fi']",artist
7H9jPV9qWyp6V629038aXU,Lynk Lee,47,178237,"['v-pop', 'vietnamese hip hop', 'vietnam indie', 'vietnamese lo-fi']",artist
1dmaHHd1Xbd85cT1egYb4w,Trúc Nhân,47,979136,"['v-pop', 'vietnam indie']",artist
2XtMx7EHHODQSeBzDCBec9,Bùi Lan Hương,47,54254,"['v-pop', 'vietnam indie']",artist
2XKlSkrslCs0egLOvSB4Ul,Emily,47,54148,"['v-pop', 'vietnamese hip hop', 'vinahouse', 'vietnam indie']",artist
23xCr75lKvnFvKi8ImHE7S,Táo,46,404366,"['vietnamese hip hop', 'vietnamese lo-fi', 'vietnam indie', 'v-pop']",artist
2xyztcPkhFKucM2ghmSme2,Quốc Thiên,47,41536,"['v-pop', 'vietnamese bolero']",artist
3EPkqJFzEGSJWtGsu1Xwqt,Kay Trần,47,101605,"['v-pop', 'vietnamese hip hop']",artist
0l3YAI1xmZKCZBzduST5ft,Thùy Chi,47,521532,"['v-pop', 'vinahouse', 'vietnam indie', 'vietnamese hip hop']",artist
53JNigMoziak3PfjdVcNLh,Machiot,46,10433,"['vietnamese hip hop', 'v-pop', 'vietnam indie']",artist
0vTUa2hbNHke3omoGxuKFm,Linh Cáo,46,21468,"['vietnamese lo-fi', 'vietnam indie', 'v-pop', 'vietnamese hip hop']",artist
1BcjfrXV4Oe3fK0c8dnxFF,Phương Mỹ Chi,47,153634,"['v-pop', 'vietnamese bolero']",artist
2Xlia1jlI7JDki4Xa42uyK,Phạm Nguyên Ngọc,45,115077,"['v-pop', 'vietnam indie', 'vietnamese lo-fi']",artist
5OvCh1Nin8AGw7OkxYinBe,Tiên Tiên,46,392771,"['v-pop', 'vietnam indie', 'vinahouse']",artist
5CmaKrKVwzQ6iQnJx2cGAm,Vũ Thịnh,46,34079,"['v-pop', 'vietnamese hip hop', 'vinahouse']",artist
6mD6SQbvl9pILx7SAHBzbq,K-ICM,46,92153,"['v-pop', 'vinahouse', 'vietnam indie', 'vietnamese hip hop', 'vietnamese lo-fi']",artist
0Y9KzsdFByEI4bigKF1htd,Myra Trần,46,118775,"['v-pop', 'vietnam indie']",artist
3bbdXNYZbTMzxskrE4wIFQ,Dương Hoàng Yến,46,11754,"['v-pop', 'vietnamese hip hop']",artist
5bJcxnt5lkrDyKfPjtSBxP,Jun Phạm,45,27241,['v-pop'],artist
0qkGQFUrj8ERPAZcdpa79j,Phuc Du,45,111833,"['vietnamese hip hop', 'v-pop', 'vinahouse', 'vietnam indie']",artist
4POahBr8YCPNKGErIiofyx,Lyly,45,317247,"['v-pop', 'vietnamese hip hop', 'vietnam indie']",artist
5TSjLaWHQ69GaALubAM7gR,Tăng Phúc,45,223542,"['v-pop', 'vietnamese lo-fi', 'vinahouse', 'vietnam indie']",artist
4fCHhderLwLacsIOIKgu3J,Bảo Anh,45,512446,"['v-pop', 'vinahouse', 'vietnamese bolero', 'vietnam indie']",artist
4sOvsEM0ooH149joyEm7Wg,Lê Hiếu,44,113886,"['v-pop', 'vietnam indie', 'vietnamese bolero', 'vietnamese hip hop', 'vinahouse']",artist
3rbFpJkaR60h3KtE4YSZWd,Phan Đinh Tùng,44,85971,"['v-pop', 'vietnamese bolero']",artist
23Gbd21nBxC1kCtcG2Cd0C,Phùng Khánh Linh,44,85739,"['v-pop', 'vietnam indie', 'city pop']",artist
3KJopZ2uUclqEtLxQg0FNn,Jack - J97,44,549491,"['v-pop', 'vietnamese lo-fi', 'vinahouse']",artist
3T3DOlgOEkr243zdzFCrXW,GDucky,43,56073,"['vietnamese hip hop', 'v-pop', 'vietnam indie']",artist
3FZ4GX2mWNn7XElse3fQWd,Khói,43,262168,"['vietnamese hip hop', 'v-pop', 'vietnamese lo-fi', 'vietnam indie']",artist
5Ib3D8UtLdYZjhVNWzwfoH,Nguyên Hà,43,213281,"['v-pop', 'vietnam indie']",artist
3YwCEaM1uA75y4Iz6FLgRC,S.T Sơn Thạch,43,10079,['v-pop'],artist
4co1OIKlUOsNNVJFSZzO9N,Trịnh Thăng Bình,45,479422,"['v-pop', 'vinahouse']",artist
7oOFsgF6y3Z9wI7fgJTbFk,Châu Đăng Khoa,44,30626,"['v-pop', 'vietnamese hip hop', 'vinahouse']",artist
6Ca5ccx9CM1kd0LBz1T83U,Pham Dinh Thai Ngan,43,70931,"['v-pop', 'vietnamese hip hop', 'vietnamese lo-fi']",artist
7571XEqHqL61NDiLtWXhS5,(S)TRONG,43,9117,"['v-pop', 'vietnamese hip hop']",artist
5HnaYivMXMHeOKCvyPGUkk,Phạm Anh Duy,43,29602,"['v-pop', 'vietnam indie']",artist
5U1dINFKjJlYNOSdMrHlRh,16 Typh,43,277407,"['vietnamese hip hop', 'v-pop', 'vinahouse']",artist
44ZNcW1ZSGB9oqX1ALnriH,Xesi,43,49074,"['v-pop', 'vietnamese hip hop', 'vinahouse', 'vietnam indie']",artist
50bDh0lNWnngFN237F1rJq,Linh Thộn,42,16130,"['v-pop', 'vietnamese hip hop', 'vietnam indie']",artist
1xNqmjTeWon7iX8kbPKpZz,Sean,42,42082,"['v-pop', 'vietnamese hip hop', 'vinahouse', 'vietnam indie', 'vietnamese lo-fi']",artist
2Dqd1HqXNuDhsdR7BGT590,Trương Thế Vinh,42,18102,['v-pop'],artist
5k5vCzAmH0dcRda22U9Hut,Ái Phương,43,30160,"['v-pop', 'vietnam indie']",artist
033tY0EKEVdDtzoeEMMCJC,Phạm Quỳnh Anh,43,48248,['v-pop'],artist
7sI2avJ3MyFstC9oKNM7py,Han Sara,43,199477,"['v-pop', 'vietnamese hip hop', 'vinahouse']",artist
4F5jaYapI8RtTpqwaYs4IF,Lệ Quyên,44,404410,"['vietnamese bolero', 'bolero', 'v-pop']",artist
4en2ObzSYlIYbCGknXjgG9,Pháo,49,255277,"['v-pop', 'vinahouse', 'vietnamese hip hop']",artist
71Cy7nzbfpuGJAS5FGxm93,Khoi Vu,42,46223,"['v-pop', 'vietnamese lo-fi', 'vietnamese hip hop', 'vietnam indie']",artist
6RUfMGubOnHT1p3nfeXpBl,Thiều Bảo Trâm,42,136595,"['v-pop', 'vietnamese lo-fi']",artist
4RGBKkUyyvsim9vdBKCCkc,Ngơ,42,528226,"['v-pop', 'vietnamese lo-fi', 'vietnam indie', 'vietnamese hip hop']",artist
0obXkAXG0Ivhjj6TK6QZfd,Sofia,42,13046,"['vietnamese hip hop', 'v-pop']",artist
3x6FwiNj93pnxxMDNRA1IR,Hồ Quang Hiếu,43,247479,"['v-pop', 'vinahouse', 'vietnamese bolero']",artist
4QC9UUJeYEo4wnbTvuOHLo,VAnh,41,49278,"['v-pop', 'vietnamese lo-fi', 'vietnam indie']",artist
6sJBvMCAi9NuNCxI9RDYDW,Osad,42,295393,"['v-pop', 'vietnamese hip hop']",artist
6InVt9jASvsJY7qA60AGzf,RIN9,42,23521,['v-pop'],artist
1Dd0DajYMxzu1Q6kuXLyJ3,Hoàng Yến Chibi,42,206540,"['v-pop', 'vietnamese hip hop', 'vietnam indie']",artist
1gjeO7nm4QagscrFBbHiSZ,Nguyễn Đình Vũ,42,104831,"['vinahouse', 'v-pop', 'vietnamese lo-fi']",artist
4jQZaxfgwiUJFQagCyZNV4,Ricky Star,41,69327,"['v-pop', 'vietnamese hip hop', 'vietnam indie']",artist
24Wn81dwdDeTCuB1BWGoVJ,Hồ Ngọc Hà,43,453562,"['v-pop', 'vinahouse']",artist
7cmcZaAbbTZIKiqIBJ2ycu,Mỹ Linh,41,69510,"['v-pop', 'vietnamese bolero']",artist
7luDDYsfkSivBsoTz3BKMq,Khắc Việt,42,252097,"['vinahouse', 'v-pop', 'vietnamese bolero']",artist
2dIQYQOIZ3CNxRUNVwr8dW,Huỳnh Tú,41,63321,"['v-pop', 'vietnamese hip hop', 'vietnam indie']",artist
3JlzPlR5FYYa402qPCCaAm,Freaky,41,48848,"['v-pop', 'vietnamese hip hop', 'vinahouse', 'vietnamese lo-fi']",artist
5L9ssI4l4DKU1za4ZwvKvG,DTAP,42,6969,"['v-pop', 'vietnamese hip hop']",artist
7mFCX07lzCFLpHm72R93oB,NÂN,40,41153,"['v-pop', 'vietnamese lo-fi', 'vietnam indie', 'vietnamese hip hop']",artist
6ZmHJcmCcc9X2sAyz6cHng,Hiền Hồ,41,233464,"['v-pop', 'vinahouse', 'vietnam indie']",artist
3B3UoHY8tKJ6zmyYZhkDSZ,HuyR,40,246008,"['v-pop', 'vietnam indie', 'vietnamese hip hop', 'vinahouse']",artist
2wjsoWglhKBQVfjUGdth1y,Minh Tuyết,43,89108,"['vietnamese bolero', 'v-pop', 'bolero', 'vinahouse']",artist
6JTiPLdbZD2e0tDsN15U1s,Đông Nhi,41,303277,"['v-pop', 'vinahouse']",artist
4ZSYaCMxF2k6maN3KTP17F,JayKii,41,130543,"['v-pop', 'vietnamese lo-fi', 'vietnam indie']",artist
44R2JURYkScvyCkzRppala,Dương Edward,41,61742,"['v-pop', 'vinahouse', 'vietnamese lo-fi', 'vietnam indie']",artist
7gJkNlcHtpuOhvl1FIDK1y,T Team,40,40264,"['vietnamese lo-fi', 'v-pop', 'vietnamese hip hop', 'vietnam indie']",artist
718QENtLy8bL4xVoZPg5PP,YanBi,40,106343,"['v-pop', 'vietnamese hip hop', 'vinahouse']",artist
6jRD85dsXJYn5vv73rqSGi,Chi Pu,40,362576,"['v-pop', 'vinahouse']",artist
3OeYidiG0MAcGmiSwTHZf6,Vương Anh Tú,40,62446,"['v-pop', 'vinahouse']",artist
7lq25uVNvzRoAJgr4CYr8e,Thái Đinh,39,230808,"['vietnam indie', 'v-pop']",artist
1OnnVNvbz0OsApDXHUX2bM,Phí Phương Anh,39,47659,"['v-pop', 'vietnamese lo-fi', 'vinahouse']",artist
0DL9VpY3UsZWQyDOO5Ej2o,Lemese,39,19054,"['v-pop', 'vietnam indie']",artist
4w5vfLTFKwpd16ZzmYwcXA,Kimmese,39,31260,"['vietnamese hip hop', 'v-pop', 'vietnam indie']",artist
6QfCxUkMNgOYA4dswW2ZWN,Reddy,39,56723,"['vietnamese lo-fi', 'v-pop', 'vietnam indie', 'lo-fi']",artist
51wGpVg4Z3lv1IjuZAQjXn,Juky San,39,109328,"['v-pop', 'vietnamese hip hop', 'vietnam indie']",artist
2KUMXzsDcJqXZW0CRh07zP,Uyên Linh,39,205803,"['v-pop', 'vietnam indie']",artist
2dlC6p7Q75wnfhudwTEpxW,Hoài Lâm,39,421813,"['v-pop', 'vietnamese lo-fi', 'vietnamese bolero', 'bolero']",artist
52UlQPpkuAzH3BTfRDevYc,Doãn Hiếu,38,93846,"['v-pop', 'vietnamese lo-fi', 'vinahouse']",artist
4zRG1PU5uAC6ah9yeuxfFi,Khởi My,39,174618,"['v-pop', 'vinahouse', 'vietnamese bolero']",artist
4HyBLptfM7nZhrcss4if7x,Ưng Hoàng Phúc,40,193366,"['v-pop', 'vietnamese bolero', 'vinahouse']",artist
1f3aY4gX0O9B59iQyZXY0I,DREAMeR,38,6107,['v-pop'],artist
3NckpPMWZSEus6PyV6LoVc,Hương Ly,39,121324,"['vinahouse', 'v-pop', 'vietnamese bolero', 'vietnamese lo-fi']",artist
6fvwPdTHctaY65nhFeodrs,Phương Thanh,38,14709,"['v-pop', 'vietnamese bolero']",artist
676SkTLXPL9gO2Mt8aP9N2,Phạm Khánh Hưng,38,7871,['v-pop'],artist
37cUqDVdpydDd8VtNlCLuk,Hà Trần,38,101280,"['v-pop', 'vietnamese bolero']",artist
6jFvKq4gMkQ50joURHPGXO,Charmy Pham,39,445664,"['v-pop', 'vinahouse']",artist
3LsIDqxwDjcEKbK3D1IrDk,Thu Phương,37,34520,"['v-pop', 'vietnamese bolero']",artist
4WBjLLe7H2Rqha7SSA0rLY,Mai Tiến Dũng,38,20458,"['v-pop', 'vietnamese bolero', 'vietnam indie']",artist
78TTKBLrw5XIRty0KnyftQ,Minh Vương M4U,38,168602,"['v-pop', 'vinahouse', 'vietnamese bolero']",artist
6yzbDKj9tQCYUyhAvrDNHW,JUUN D,37,164684,"['v-pop', 'vietnam indie', 'vietnamese lo-fi', 'vietnamese hip hop']",artist
5lRuI7jZMno275jJphvRjg,Khải Đăng,37,29581,"['v-pop', 'vinahouse', 'vietnamese bolero', 'vietnamese lo-fi']",artist
0LzKYyu8mwHXfMih4lnMXY,Pay,36,8233,"['v-pop', 'vietnam indie']",artist
73AUXZbgPiHjPbv66nGVq7,Rtee,37,7354,"['v-pop', 'vietnamese hip hop', 'vietnam indie']",artist
3C9BZr3AmjZ89zzcOdkA4i,My Anh,37,32023,"['v-pop', 'vietnam indie']",artist
7iGWE6DvwRabk2DIgbTJ1n,Tuấn Ngọc,37,113374,"['vietnamese bolero', 'bolero', 'v-pop']",artist
4iFNiWhODcMZdmpNkxsTFp,Wowy,35,132553,"['vietnamese hip hop', 'v-pop']",artist
1LEzXd7eLB1KiBhoDODFsX,Tra My,35,4964,"['v-pop', 'vinahouse']",artist
73jYB754ez8rGnHM79YeuE,Trịnh Đình Quang,36,195313,"['vinahouse', 'v-pop', 'vietnamese bolero']",artist
42D8BHt57a1V8Mn47afQhj,Vũ Thảo My,35,9214,"['v-pop', 'vietnamese hip hop']",artist
7at0gkjCnhOBrxwQlJPJ4s,Ngô Kiến Huy,35,176866,"['v-pop', 'vinahouse']",artist
7kE39OIlliCniD1AhI4jsJ,Hakoota,35,5173,"['v-pop', 'vietnam indie']",artist
76nos2JmvLyYGZ28ribrf7,MiiNa,35,47452,['v-pop'],artist
2DpuPZSraeVoLMKV5QJj7y,Phạm Hồng Phước,35,62889,"['v-pop', 'vietnam indie']",artist
6Sz9jchJpz8HyBTtkPvYDT,Khánh Phương,36,139665,"['v-pop', 'vinahouse', 'vietnamese bolero']",artist
3tuxyjTQrEDsF0pV0WbqyR,Hoaprox,42,20375,['v-pop'],artist
6bLRsp9AAj3St5Ai70PPVm,Biển Của Hy Vọng,34,18143,"['v-pop', 'vietnamese bolero']",artist
26M9jrskgx7RHFydfAiyq5,Khang Viet,36,26068,"['vinahouse', 'v-pop']",artist
6S0JgJU2l6ds1EhZUJMQFk,LK,35,35938,"['vietnamese hip hop', 'v-pop', 'vietnam indie']",artist
0UzTVrRT0KTsJDxmlcGfQG,Tiên Cookie,34,251792,"['v-pop', 'vietnamese hip hop', 'vietnam indie']",artist
5kZm4Xqiu4GIhbm912n4fW,Anh Khang,34,45443,"['v-pop', 'vietnam indie']",artist
62sxxIG77fFOZKQkKDF0wt,Jimmi Nguyen,35,30647,"['vinahouse', 'vietnamese bolero', 'v-pop', 'bolero']",artist
3HMWKU43x9GxkGWVP1KjQT,Will,33,11944,"['v-pop', 'vietnamese lo-fi', 'vietnam indie']",artist
5XcfMxmHUiyxc1Q283Nmxj,Đan Trường,35,63111,"['v-pop', 'vietnamese bolero', 'bolero']",artist
56vNGG0GJtL6p8ltx7cLvj,Cầm,34,13775,"['v-pop', 'vinahouse', 'vietnam indie', 'vietnamese hip hop']",artist
7AjrzSwNXDH9bZjjCKR8kA,Bảo Uyên,34,5523,"['v-pop', 'vinahouse']",artist
5ELPejPzr90MkvmpQEr3RU,Phuong Linh,33,44447,"['v-pop', 'vietnamese bolero']",artist
5KPAddqEN2xZHp4jHxtpvP,Tuấn Vũ,35,66369,"['vietnamese bolero', 'bolero']",artist
1gcRVXmxLnwzd7EJn5dLGD,Quang Dũng,36,189451,"['vietnamese bolero', 'v-pop', 'bolero']",artist
0IMvyEWySP665zddlejaSm,Quang Vinh,34,53191,['v-pop'],artist
2BT5812uC3XW9TukhlOfD0,Khánh Ly,35,43415,"['vietnamese bolero', 'bolero', 'v-pop']",artist
5lfRIXoidHgyFNcoI9pJ7L,Hoàng Thục Linh,36,9658,"['vietnamese bolero', 'bolero', 'vinahouse', 'v-pop']",artist
0XOHQOteNO7pqYk5hWs9TX,Hồ Việt Trung,31,44821,"['vietnamese bolero', 'v-pop', 'vinahouse', 'bolero']",artist
4ht0wODL01ELRxlDYvsFad,Đàm Vĩnh Hưng,36,84752,"['vietnamese bolero', 'bolero', 'v-pop', 'vinahouse']",artist
5MibVKlWvof8lLAkOaaDmi,Hồng Nhung,32,93160,"['v-pop', 'vietnamese bolero']",artist
6xQUSqDu9uizDib9Ww47yO,Hien Thuc,32,58925,"['v-pop', 'vietnamese bolero', 'vietnamese lo-fi']",artist
5tPrBvEiBBbSyMFz2u2ZMi,Lam Truong,32,126772,"['v-pop', 'vietnamese bolero']",artist
1L2VD3TPgcbUod5IID06xJ,Hương Giang,32,54546,"['v-pop', 'vietnamese bolero']",artist
1946SXMtprXuDRbjV3TXDh,Trịnh Lam,36,10388,"['vietnamese bolero', 'v-pop']",artist
5sXudh7NFkU6fjQL6BQOj0,Cẩm Ly,33,116262,"['vietnamese bolero', 'v-pop', 'bolero']",artist
2ldAFJhpkWvdSsgDR4EkJE,Phan Duy Anh,32,18707,"['vinahouse', 'v-pop', 'vietnamese bolero']",artist
1vuXGfUQ15YoFnM2V49rF5,Giang Hong Ngoc,31,9134,"['v-pop', 'vietnamese bolero', 'bolero']",artist
4vs2AkDv5UQwDYmwr9CkT6,Thanh Hà,33,16911,"['vietnamese bolero', 'v-pop']",artist
53GiBeVA3f0NoX5ZR3FCZH,Thương Võ,36,27499,"['vinahouse', 'v-pop']",artist
18vmPKrKuO3whqA8z1UOL9,Lưu Bích,33,17642,"['vietnamese bolero', 'v-pop']",artist
34nom4Ft3keMWBZPAUB3EI,Mew Amazing,32,1949,"['v-pop', 'vietnam indie', 'vietnamese hip hop']",artist
5A81GkfzRSHiNQrge5m9gv,Phương Vy,30,16401,"['v-pop', 'vietnamese bolero']",artist
6VLN4hTrGOZ5Le1TVTwDTg,Ngọc Dolil,29,107785,"['v-pop', 'vietnam indie', 'vietnamese hip hop', 'vinahouse']",artist
1Vc9oJC8vSXfirygPAL2Du,Huỳnh James,30,70198,"['v-pop', 'vietnamese hip hop', 'vinahouse']",artist
4mzMFxVZNS2uCVNdsVFoj5,Thu Minh,29,37002,"['v-pop', 'vinahouse', 'vietnamese bolero']",artist
7KOMoBXp30tI5E6SA0NQVn,Hương Lan,33,54287,"['vietnamese bolero', 'bolero']",artist
2ztKQFCq6NdVbjWLq33H7o,Hoàng Oanh,31,31071,"['vietnamese bolero', 'bolero']",artist
23jUmiOyAG9Dzq6Ayp9LUG,SPACESPEAKERS,28,165775,"['vietnamese hip hop', 'v-pop', 'vietnam indie', 'vinahouse']",artist
1G2yxRuuHv9mev4EHZzbXw,Đinh Mạnh Ninh,28,5383,"['v-pop', 'vietnam indie']",artist
6DKJX322RvZsWhz0Xn2myz,Mai Thiên Vân,32,20470,"['vietnamese bolero', 'bolero']",artist
2pVj9lekGlRPbYvDjTMQ6O,Mr. T,29,40101,"['v-pop', 'vietnamese hip hop', 'vinahouse', 'vietnam indie']",artist
1DOiJPXSa8eUgf0bTUeyn5,Thủy Tiên,29,10113,"['v-pop', 'vietnamese bolero']",artist
4hmo0RtMEIDYCsEj26S1xH,The Son,31,3638,"['vietnamese bolero', 'bolero', 'v-pop']",artist
001OedRF8lGo3og3aHDTy6,Thai Trinh,28,8115,"['v-pop', 'vietnam indie', 'vietnamese hip hop', 'vietnamese lo-fi']",artist
5akggz3MdneiFGBlJrZM6O,Nguyen Huong Ly,29,111134,"['v-pop', 'vietnamese lo-fi', 'vinahouse']",artist
7xBuIrKTMHxIB1zpfLyo8B,Nguyễn Hồng Thuận,28,1822,"['v-pop', 'vinahouse']",artist
36Ltp1cc3ExQQJ8h9GCT4O,Duy Khánh,29,45503,"['vietnamese bolero', 'bolero']",artist
2gScaMRuLR5xEN8x3h0Pq3,Tú Quyên,32,6018,"['vietnamese bolero', 'v-pop']",artist
2Iclm7DbDF08gVIAs5Rbsk,Superbrothers,28,7664,"['v-pop', 'vietnamese hip hop', 'vinahouse']",artist
5trMq1OIockzQVpFicyrpn,Lam Anh,30,13563,"['vietnamese bolero', 'bolero', 'v-pop']",artist
6mBgyEAtTJvNUpliO1Jnba,Ngọc Anh,29,20748,"['vietnamese bolero', 'v-pop', 'traditional music', 'bolero']",artist
5kG9gxVkkdrskVLhfblCjT,Thanh Lam,27,35183,"['v-pop', 'vietnamese bolero']",artist
4P95HBikaVomMvtD6vg1vD,Elvis Phương,30,44755,"['vietnamese bolero', 'bolero', 'v-pop']",artist
2yF59PrRiNS1q2YvLFtp5p,Quỳnh Vi,30,6463,"['vietnamese bolero', 'v-pop']",artist
0wKSHn2UG5Ycwj7zCCdCFn,Loan Châu,30,2951,"['vietnamese bolero', 'v-pop']",artist
321nGTqkdRThE4nA5PUqp7,Như Loan,31,12238,"['vietnamese bolero', 'v-pop']",artist
1oXWd6Xc84KEx95VsXYAFM,Diem Suong,30,3381,"['vietnamese bolero', 'v-pop']",artist
6dYm0i4voJXVX9rPx6gb2F,Don Hồ,31,11739,"['vietnamese bolero', 'bolero', 'v-pop']",artist
41eUMVb8BInRlwH1Cx6v3N,Lương Tùng Quang,30,9743,"['vietnamese bolero', 'v-pop']",artist
5jAkbuyAcJlFqLH4z88ukv,Trần Thái Hoà,29,24125,"['vietnamese bolero', 'bolero']",artist
4DPEUF2kY7kVrbXX4Zgu7S,Bảo Thy,26,157850,"['v-pop', 'vietnamese bolero']",artist
4cuCzi4VvHHwwowu56Ejm5,MAYonair,25,4767,"['v-pop', 'vietnamese hip hop', 'vietnam indie']",artist
5QYToQrXFv0T9iqFchss7Y,Ngọc Hạ,29,17971,"['vietnamese bolero', 'bolero']",artist
4sB7Byv9cAeaPbR05YSQFR,Cẩm Vân,25,3417,"['vietnamese bolero', 'v-pop']",artist
3NOy4VouufNkUdcPh7ouDv,Ý Lan,28,35710,"['vietnamese bolero', 'bolero', 'v-pop']",artist
2DTVCDYfT6Uo8NugnHNRsg,Đỗ Hoàng Dương,24,10414,['v-pop'],artist
5Bh96Q2p3ZPFLin3pt7NsN,Lệ Thu,27,32863,"['vietnamese bolero', 'bolero', 'v-pop']",artist
0XMJw73nkvTjWdWBrbIoc1,Nguyễn Hưng,29,7866,"['vietnamese bolero', 'v-pop', 'bolero', 'cha cha cha']",artist
009DchB833vqAeN8v5zE4O,Tâm Đoan,28,25548,"['vietnamese bolero', 'bolero', 'traditional music', 'v-pop']",artist
6oO3gusjsenDOQn8RDr5JS,Thanh Thúy,26,18829,"['vietnamese bolero', 'bolero', 'traditional music']",artist
7uSNudh9nTnHLyfs6uQqFv,Hương Thủy,28,10320,"['vietnamese bolero', 'bolero']",artist
2UK55AFshflMYHdBySyVoC,CARA,28,33038,['v-pop'],artist
3JwyehW3Ls8vt8GSons5eA,Quang Linh,24,58480,"['vietnamese bolero', 'v-pop', 'bolero']",artist
2d1ZChw4TkNWrJx6iPleap,Phương Hồng Quế,25,9489,"['vietnamese bolero', 'bolero', 'v-pop']",artist
6CQqST4eq5bxUONQg6orXS,Hồ Lệ Thu,28,10182,"['vietnamese bolero', 'v-pop']",artist
5q98qLG6fV1rRb3jGRHDBu,Lý Hải,24,23033,"['v-pop', 'vietnamese bolero']",artist
5tuJqEGIn7SxvNJrQCpQjo,Thùy Dương,26,13105,"['vietnamese bolero', 'bolero']",artist
4VL1sTExExYI5pKxFhuxxD,Lâm Thúy Vân,27,9421,"['vietnamese bolero', 'bolero', 'v-pop']",artist
5m8xaSqgiYmwUUzahzgKur,Khổng Tú Quỳnh,22,7425,"['vinahouse', 'v-pop']",artist
0U0tceTwVEpl4qhS04zPh6,Thái Hiền,23,3345,['vietnamese bolero'],artist
5ug2q1BzWBfTJzV93QK0R9,Thanh Ngoc,20,3524,"['v-pop', 'vietnamese bolero']",artist
5AnqQwU6JkgU0dFmFKI6dM,Thái Châu,23,15566,"['vietnamese bolero', 'bolero', 'luk thung']",artist
7c2DLQ7w7uZr6L4DLb2yqF,Thiên Kim,25,16521,"['vietnamese bolero', 'bolero', 'v-pop']",artist
3JyQVNildx5ZpCt6xf0jp2,Bảo Hân,24,1276,"['vietnamese bolero', 'v-pop']",artist
0YTbQFGnp951NRsbyeGDo6,Đình Bảo,20,2116,"['vietnamese bolero', 'bolero', 'v-pop']",artist
1L8wzPc0qgJsvSDU33LBxJ,Thiên Tôn,19,1428,['vietnamese bolero'],artist
3zir1qGiUwDRJlez2949oc,Thanh Phong,14,738,"['vietnamese bolero', 'vinahouse', 'bolero', 'v-pop']",artist
52HvRqozRACgI2cS7sMNW0,Tường Khuê,15,621,"['vietnamese bolero', 'bolero']",artist
20D0rskLHvakkfhZcgbulX,Mai Hương,15,3300,['vietnamese bolero'],artist
3jWhTLaDkAnRGPhXl02MJ8,Duy Trường,16,5591,"['vietnamese bolero', 'bolero', 'traditional music']",artist
1ntCsguH9wLbZZmYchWtls,Ngọc Minh,11,765,"['vietnamese bolero', 'bolero']",artist
1Jmkhzve9TuXHUUWGmpANw,Wxrdie,64,495680,"['vietnamese hip hop', 'v-pop']",artist
6TITnFVRcl0AcZ4syE7Toe,Low G,63,1620929,"['vietnamese hip hop', 'v-pop', 'vietnam indie']",artist
5ulyphh5uJrH4Gb1JpSMkV,HURRYKNG,60,263614,"['v-pop', 'vietnamese hip hop']",artist
4grjJqg7iwQ8RKHs8d9Snh,Andree Right Hand,56,401787,"['vietnamese hip hop', 'v-pop', 'vinahouse']",artist
0hy8mfXxfD8kQ6MRQkDVrn,itsnk,54,27812,"['v-pop', 'vietnam indie', 'vietnamese hip hop']",artist
1tikl40deDgJWS57GTKiVh,Dick,53,114570,"['vietnamese hip hop', 'v-pop', 'vietnamese lo-fi', 'vietnam indie']",artist
5Hv9MhUFvGlYurce5BDRUh,Gill,53,132743,"['vietnamese hip hop', 'v-pop', 'vietnam indie', 'vinahouse']",artist
3HD3V1nGFPwepBO7064Ij0,PC,52,151408,"['vietnamese hip hop', 'vietnamese lo-fi', 'v-pop', 'vietnam indie']",artist
0hUr8xEtATxbq2OTiJFAP0,24k.Right,53,209026,"['vietnamese hip hop', 'v-pop']",artist
3JWIaDWHJq11w1xPqJStEv,Hustlang Robber,53,141975,"['vietnamese hip hop', 'v-pop']",artist
23UOCFmQtFKvx2mFufMoJB,Winno,53,106682,"['vietnamese hip hop', 'v-pop', 'vietnam indie']",artist
0wATZebE9ZNj7fTjTdwiJB,Kewtiie,51,41291,"['v-pop', 'vietnamese hip hop', 'vietnam indie']",artist
2OkxNsNz7QXCBwlME0fSsk,TGSN,50,17486,"['v-pop', 'vietnamese hip hop', 'vietnam indie']",artist
3QjJx8Yp2mXYoHtiPI7VMI,VCC Left Hand,50,30034,"['vietnamese hip hop', 'v-pop', 'vietnam indie']",artist
22MX8BG5870DGzpNricY7q,VSOUL,48,159806,"['vietnamese hip hop', 'v-pop', 'vietnam indie']",artist
3Wj34lTDJnPp70u4YCl4jz,Lil Wuyn,48,165492,"['vietnamese hip hop', 'v-pop', 'vietnam indie']",artist
39UJlviUwzZGZrA8DiQy31,Mason Nguyen,48,32502,"['vietnamese hip hop', 'v-pop']",artist
25JRC8aMGIGBIJ5KiINv3l,RPT Orijinn,47,60672,"['vietnamese hip hop', 'v-pop']",artist
0wqus4nTxIoJvLZLwBt8Df,Rapital,47,149622,"['vietnamese hip hop', 'v-pop', 'vietnam indie']",artist
4Xz2dDcMF1DDfwFcr8Xa5P,Ngắn,47,43124,"['v-pop', 'vietnamese hip hop', 'vietnam indie']",artist
6kkA6laUMR0hzML9YY98CQ,kidsai,47,65243,"['v-pop', 'vietnamese hip hop', 'vietnam indie']",artist
6kFhNMq6O8P5QKdqlGMUVW,Tage,47,100195,"['vietnamese hip hop', 'v-pop']",artist
0Ux2qIQbEeqvv7uYLgHhDH,tofutns,46,34787,"['vietnamese hip hop', 'vietnamese lo-fi', 'v-pop', 'vietnam indie']",artist
3EkXXkwTWhJpPDJR4ME3D8,KayC,45,19372,"['vietnamese hip hop', 'v-pop', 'vietnam indie']",artist
4LuFOXq87Tg0JSl5U7yxFZ,QNT,45,166353,"['vietnamese hip hop', 'v-pop', 'vietnam indie']",artist
5ayWRfrcpObgDDlzheJ2Gr,TaynguyenSound,44,157315,"['vietnamese hip hop', 'vietnam indie', 'v-pop', 'vietnamese lo-fi']",artist
0EOMdQwzUG6CKh9oWvcANr,Lăng LD,44,24630,"['vietnamese hip hop', 'v-pop']",artist
401ikVSob52311M6Fwnunt,Coldzy,44,53954,"['vietnamese hip hop', 'v-pop', 'vietnam indie']",artist
5yE1xvNIbuEB2kkopCuCVY,PAR SG,44,47871,"['vietnamese lo-fi', 'vietnamese hip hop', 'v-pop', 'vietnam indie']",artist
7JRDlOAUMJuLKmapm6H2VG,D Blue,44,50271,"['vietnamese lo-fi', 'vietnamese hip hop', 'v-pop', 'vietnam indie']",artist
1yx4rYyjUYupI7Ji1YvXRh,Groovie Lã Thắng,43,3103,"['vietnam indie', 'vietnamese hip hop', 'v-pop', 'vietnamese lo-fi']",artist
6UiKZD9yB7Gxjol62s431k,Seachains,43,38489,"['v-pop', 'vietnamese hip hop', 'vinahouse']",artist
2SWNzbf1maA3oR4x56Uv9W,Tùng TeA,43,44869,"['vietnamese hip hop', 'vietnam indie', 'v-pop', 'vietnamese lo-fi']",artist
0XEYiIh3AzMl9lBaT3gNz7,Willistic,42,26439,"['vietnamese hip hop', 'v-pop', 'vietnam indie']",artist
19JOXyTbKnSp1QxnKEeXtq,Koo,41,19646,"['vietnamese hip hop', 'vinahouse', 'v-pop']",artist
2dP2cG3zK05Y1jtb8Kwdpm,Tuimi,40,5675,"['vietnamese hip hop', 'v-pop', 'vietnam indie']",artist
3VkWfwJgAO5qikm4hFccO6,Mr.A,39,13605,"['vietnamese hip hop', 'v-pop', 'vinahouse', 'vietnam indie']",artist
68Vj5ArAHBx2K0osGDXK4K,B-Wine,39,25194,"['vietnamese hip hop', 'v-pop', 'vietnam indie']",artist
3vrLtReLclPLq5VvCAxCik,Trí Dũng,38,4133,"['v-pop', 'vinahouse', 'vietnamese hip hop', 'vietnamese lo-fi', 'vietnam indie']",artist
5TIZ9p5TSviYl96ladXXFw,Như Quỳnh,43,120137,"['vietnamese bolero', 'bolero', 'v-pop']",artist
6lKBdKySIpWUb4tA7hYzU7,Pixel Neko,38,21592,"['vietnam indie', 'v-pop', 'vietnamese hip hop']",artist
6Zx90B1VRgR4TB01S87duQ,Anh Phan,40,100468,"['vietnamese hip hop', 'v-pop']",artist
0y8J897IGMESNbBqCpHXH9,NHA,37,58516,"['vietnamese hip hop', 'vietnam indie', 'v-pop']",artist
1qdb7jDQjPd8WWpayCRh5V,Larria.,37,7792,"['vietnamese hip hop', 'v-pop']",artist
5TPzMTLOTGx95E7pizHYkP,Bozitt,37,37334,"['vietnamese lo-fi', 'v-pop']",artist
0ABztwl5ApqMZOllFyaCmP,Hustlang Heily,37,2463,"['vietnamese hip hop', 'v-pop']",artist
4hksJgKaus2VEhQO2Umee9,Sol7,37,137047,"['vietnamese hip hop', 'v-pop', 'vietnam indie']",artist
3n56g8JEOhO9CwLHpfWgie,LOPE PHAM,36,2782,"['vietnamese hip hop', 'v-pop']",artist
6JicDimASCwKbuAWbQaixG,ChiuLinh,36,26271,"['vietnamese hip hop', 'vietnam indie', 'v-pop']",artist
3Gx0fp4mXr6YU4DONMHqB8,MFREE,36,1592,"['vietnamese hip hop', 'v-pop']",artist
4jIoCS5bJr2TQ2SIbSPnwR,16 BrT,36,4664,"['vietnamese hip hop', 'v-pop', 'vietnam indie']",artist
3Ib80uqrBka6P4ncx6vJRF,Gonzo,37,6333,"['vietnamese hip hop', 'v-pop', 'vietnam indie']",artist
5k9DAxaugi6ANyemUgQrgV,CHARLES.,36,11920,"['v-pop', 'vietnamese hip hop', 'vietnam indie']",artist
5DTQVDm1qjLUoAGC8v85c3,Liu Grace,36,108125,"['vietnamese hip hop', 'v-pop']",artist
5h0cBKxBX54CqPaQU6tJhk,Haisam,36,94789,"['vietnam indie', 'v-pop']",artist
3XevJv2rTKu5WYtD0LW6om,V#,36,5958,"['vietnamese hip hop', 'v-pop']",artist
2Fc5cGXai8xzLhGyltp4tT,Suboi,37,192317,"['vietnamese hip hop', 'v-pop', 'vietnam indie']",artist
3AYPFIPDQ5aUUZzQ9OsqEn,Dan Nguyen,39,98381,"['vietnamese bolero', 'bolero', 'vinahouse', 'v-pop']",artist
3mYnd5Nlmdpg4D9rbAqNUD,JGKiD (Da LAB),35,49229,"['v-pop', 'vietnam indie', 'vietnamese hip hop']",artist
60KOzc3SHHzq8PgKHeXB9z,Trungng,35,1158,"['vietnamese hip hop', 'v-pop']",artist
28XrDF0G35BpyybcGaQTzU,prettyXIX,34,11244,"['vietnamese hip hop', 'v-pop']",artist
4klhLtpyQWyGGl1MXIzwMh,Hoàng Hải,35,4788,"['v-pop', 'vietnamese bolero', 'bolero']",artist
2PQLOJKDN5j1q0q3xltIk8,Quang Lê,38,161224,"['vietnamese bolero', 'bolero', 'v-pop']",artist
4P5sYDkznyMel8jtD0CgE4,Jombie,34,29008,"['vietnamese hip hop', 'vinahouse', 'v-pop', 'vietnamese lo-fi']",artist
27yyGKpmW2nU5uUrMv2a2x,Young Milo,34,25203,"['vietnamese hip hop', 'melodic rap']",artist
56su1iNcOlGUPEtBoOoJ5D,Datmaniac,33,46430,"['vietnamese hip hop', 'vietnam indie', 'v-pop']",artist
53hbIxngriO3apa2SXrS29,Trung Tâm Băng Đĩa Lậu Hải Ngoại,34,40078,"['vietnamese hip hop', 'v-pop', 'vietnam indie']",artist
78P4eADp0NwlcU4tsRCBdo,Trường Vũ,37,82137,"['vietnamese bolero', 'bolero']",artist
4IiJbbRn328Zxw8mtHb7bo,Cam,33,65745,"['vietnamese hip hop', 'vietnam indie', 'v-pop']",artist
6NPXdexaPjlEQeEMVCheCs,wAvy,32,14001,"['vietnamese hip hop', 'v-pop', 'vietnam indie']",artist
2RmVHHCdiQb8yGa0eRhQjP,King Of Rap,31,24424,"['vietnamese hip hop', 'v-pop', 'vinahouse', 'thai pop']",artist
0FvZX3MHDrlAAnf15FgBkA,Richie D. ICY,31,31824,"['vietnamese hip hop', 'v-pop']",artist
1b9USL8WQoqdSDSrdMNk8g,1DEE,32,513,"['v-pop', 'vietnamese hip hop']",artist
3L2ohE2NX2W5hAauL16VuQ,MinhLai,31,39632,"['vietnamese hip hop', 'v-pop']",artist
1uBoOwCIbSlAyZZswoeOT3,KraziNoyze,31,1371,"['v-pop', 'vietnamese hip hop', 'vietnam indie']",artist
3rfioXxHtUmA66MpuKdozJ,da/md,31,2869,"['vietnamese hip hop', 'vietnam indie', 'v-pop']",artist
0JggLWdYe1p6oHZoHpyPSD,Blacka,31,22227,"['vietnamese hip hop', 'v-pop']",artist
0EEcEHFjh4q0m1Dif55qIB,XOLITXO,30,4524,"['vietnamese hip hop', 'v-pop', 'vietnam indie']",artist
5kooMseQPNPTz5y1UCM5UR,Pjpo,30,14734,"['vietnamese hip hop', 'vietnam indie', 'v-pop']",artist
6H2gXTxEeGqSwsgWCIZs4j,Vy Vy,30,2983,"['v-pop', 'vietnam indie']",artist
71LQEF4uo08r9RIB7eTEAE,Chiennhatlang,29,6307,"['vietnamese hip hop', 'v-pop']",artist
1Tu9DctzLsjToUKxsOh6Fc,Lil Shady,29,6080,"['vietnamese hip hop', 'v-pop', 'vinahouse']",artist
6MddNz1oXWvuY1ZWrsRqQF,Phi Nhung,33,69882,"['vietnamese bolero', 'bolero', 'v-pop']",artist
6kWudkWjOad7NFYhvNfzG0,Cain,29,3864,"['vietnamese hip hop', 'vinahouse', 'v-pop']",artist
1VQyG9aks9QYQYzwmP12Fz,thaison!,28,5791,"['v-pop', 'vietnam indie', 'vietnamese hip hop']",artist
4WkqpZbj5KZukRCmntVmGB,OCEAN MOB,28,24931,"['vietnamese hip hop', 'v-pop']",artist
5eGFciQFU7LU4JQZeIy9uS,BILLY100,28,4023,"['vietnamese hip hop', 'v-pop']",artist
2wqbmDDGHOrzvdOxAPe4JS,M NAIVE,28,4944,"['vietnamese hip hop', 'v-pop', 'vietnam indie']",artist
49lqmGqzQjQCQvAqGIevkN,BCTM,26,48578,"['vietnamese hip hop', 'v-pop']",artist
3KTUDQL8OV9Sv6mvLJpS5W,Mạnh Quỳnh,31,47088,"['vietnamese bolero', 'bolero']",artist
3xIg04BrQzREY9e2mQxzAf,Rich Choi,26,8873,"['vietnamese hip hop', 'vinahouse', 'v-pop']",artist
0TZKKZG6WHl2aVFPDtND82,Độ Mixi,26,72597,"['vietnamese hip hop', 'v-pop', 'vinahouse']",artist
2l0cdSl2y1u8TuqyO0X5Rf,Limebócx,25,2366,"['vietnam indie', 'v-pop']",artist
1KLRO4UHKmiwS0grGzFdgT,Dế Choắt (DC),26,37964,"['vietnamese hip hop', 'v-pop', 'vietnam indie']",artist
3KjC3qk8ZE5JbC4tSj8COh,Cashmel,23,1923,"['vietnam indie', 'vietnamese hip hop', 'v-pop']",artist
7f3vs7IeQScnYHmehKrAuv,Kwzzzy,23,1502,"['vietnamese hip hop', 'v-pop']",artist
7vCKeEqgPv1FFEM2OivtNj,Ngọc Ngữ,27,2391,"['vietnamese bolero', 'bolero']",artist
1eLRJ9F6qwKeI6frD3ZzQg,SMO,23,28013,"['vietnamese hip hop', 'v-pop']",artist
2nfy0nJ70ftD2p3WeEVrw9,Quốc Đại,24,11734,"['vietnamese bolero', 'bolero']",artist
15y6KeCjSxo6GZIjxFIg9G,Thúy Hà,23,5971,"['vietnamese bolero', 'bolero', 'traditional music']",artist
2nk2PnWoh8U5lR6xDhDGFu,ICD,21,15528,"['vietnamese hip hop', 'v-pop', 'vietnam indie']",artist
3jbVXHysvUUEctMAS47Q1R,Hoang Rapper,22,870,"['vinahouse', 'vietnamese hip hop', 'v-pop', 'thai hip hop']",artist
5QOqH8BG0InIySjZEKSdBO,Slow T,21,3446,"['vietnamese hip hop', 'v-pop', 'vinahouse']",artist
37rtkoLsW4hQUY8sFTvBMO,Terry Hồ,20,13193,"['vietnamese hip hop', 'v-pop']",artist
7ofodQAELdlPZRJLahepeR,Thuong Hoang Long,19,2711,"['vietnamese lo-fi', 'v-pop', 'lo-fi']",artist
4CLiTYTMKy6qcz0KXbuMqh,Tieu Chau Nhu Quynh,21,1688,"['v-pop', 'vietnamese lo-fi']",artist
0wohJm7vhpfcxS7IiUt0XQ,Nguyễn Trần Trung Quân,23,23176,"['v-pop', 'vinahouse']",artist
4HmgBcUQQrxZ9UgzoBW7RJ,Ngọc Sơn,23,31882,"['vietnamese bolero', 'bolero', 'vinahouse']",artist
5BYivses3rt9TZ0SwjlAeM,ĐINH HƯƠNG,20,884,['v-pop'],artist
76p6SuLTYuJutQQYcXMgbw,Quỳnh Trang,25,19769,"['vietnamese bolero', 'bolero']",artist
7MkneAWCJX7dUEpx04bfQ9,Aki,19,3357,"['vietnamese hip hop', 'v-pop', 'vietnam indie', 'italo disco', 'hi-nrg']",artist
58mUjJjKQywcSmunX8z30H,Thiên Quang,23,9218,"['vietnamese bolero', 'bolero']",artist
1Dsu1qosuhggqKT62FafSj,Củ Cải,17,4023,"['vietnamese lo-fi', 'vietnam indie', 'v-pop', 'vietnamese hip hop']",artist
7zrxCdVQeT3t5LAN3Jpavs,95G,17,22496,['vietnamese hip hop'],artist
4Ai58ZXyAVZWgvyxSpiWhK,Tường Nguyên,20,3515,"['vietnamese bolero', 'bolero']",artist
4AmiihgP8NFOtvU9DwLaK0,Antoneus Maximus,17,5482,"['vietnamese hip hop', 'vinahouse', 'v-pop']",artist
6NgAx7a1qFwLpTCC43sZrV,Hưng Cao,16,9472,"['vietnamese hip hop', 'v-pop', 'vietnam indie']",artist
5GNC7Nx6coYxmZivhWEJtm,RPT Duke,16,1051,['vietnamese hip hop'],artist
1hOTk0ce1aMuDrOC9WV082,Kim Tử Long,16,1834,['vietnamese bolero'],artist
4MHq627pFLlhqrdQTamHtm,$ativa,15,4173,"['vietnamese hip hop', 'v-pop']",artist
2OHv7sOf5ut7lDKGpHR3nC,NVM,16,5050,"['vietnamese hip hop', 'v-pop', 'vietnam indie']",artist
05qvgW4tgMM2me9GynXvPw,LDleKING,14,1936,"['vietnamese hip hop', 'vietnam indie', 'v-pop']",artist
49hkeOPfjwZ6tFWNRWXMGy,P$mall,13,2732,['vietnamese hip hop'],artist
19f20EhuHJJ3YJ03TxDiuM,Phaos,12,667,"['vietnamese hip hop', 'v-pop']",artist
5n0leHbc8UejZOi21LIwwd,Teddy Chilla,8,1451,"['vietnamese hip hop', 'vinahouse']",artist
6kduGaK3AJ5GASxqOOv4zL,LIME,8,839,['v-pop'],artist
0U2ySQ7f4kwPOp1Y38xqJk,Blak Ray,6,384,['vietnamese hip hop'],artist
6lT5xCLqQJlHXFdZnUkI2c,Chị Cả,6,2751,"['vietnamese hip hop', 'v-pop']",artist
77lZtbwaoekBRA1C60Ea7t,Thúy Vi,10,587,"['vietnamese bolero', 'v-pop', 'new wave']",artist
4Mbx4ua6wfvoiATfkAIHfN,Nodey,13,3085,['vietnamese hip hop'],artist
6yZuJmKsA5bGl5z1UKsnyq,16 Rehtona,5,596,"['vietnamese hip hop', 'vinahouse']",artist
636c5IxMgigADpuBq9qVo3,16 BeanCd,4,821,['vietnamese hip hop'],artist
2fjtWeE4rcFENjhezG68Gp,Ngọc Huệ,5,703,"['v-pop', 'vietnamese bolero']",artist
5ryF6NaxKWTUnAt4cuBax8,Trizzie Phương Trinh,7,616,"['vietnamese bolero', 'new wave']",artist
7oE3XGhsdIPMqzVFKqXVYN,Phong Nguyen,6,295,"['traditional music', 'vietnamese bolero']",artist
78CLEUTsgtNJ1a811juZAt,KNG,1,321,"['vietnamese hip hop', 'v-pop']",artist
4Mj1MsT19w6qtPytrzLEuu,Droppy,1,1205,"['vietnamese hip hop', 'v-pop']",artist
3h4IQF7qblzEkIcEfVhoKb,F,0,132,['v-pop'],artist
6hnfLIkvDl6pjlAe1YRGXY,Bon Nghiêm,53,22067,"['v-pop', 'vietnamese lo-fi', 'vietnam indie']",artist
41o2x1AJ6KzUiz6JxYtCtJ,Hào,45,69222,"['vietnam indie', 'v-pop', 'vietnamese lo-fi']",artist
3JkGKNawown8MgcJsDw1WT,Duongg,52,63958,"['vietnamese lo-fi', 'v-pop', 'vietnam indie']",artist
38QautgC2LNYKiu10BB0sF,Nau,51,62819,"['vietnamese lo-fi', 'v-pop', 'vietnam indie', 'vietnamese hip hop']",artist
2I8garg5B5BsdmetbsXsjG,titie,46,2648,"['v-pop', 'vietnamese hip hop']",artist
1Tdy7LZnrufTyuEbgDi1D8,Muộii (Starry Night),49,1207,"['vietnamese hip hop', 'v-pop']",artist
7qHgn5ADOzPBlcWcXfM6iA,Phongkhin,42,4897,"['v-pop', 'vietnamese hip hop', 'vietnam indie']",artist
006RBJU7ScwRg9eouP4kJw,NICKY,50,30932,"['v-pop', 'vietnamese hip hop', 'vietnam indie']",artist
351mBX7BjjI2plbfozIzqb,VƯƠNG BÌNH,47,1691,"['v-pop', 'vietnam indie']",artist
00gtWNNadPRpzqVaoF2S1h,B.O.C,6,66,['v-pop'],artist
0dBcEvEklr1jx4uZuhFX5e,Ronboogz,60,290250,"['v-pop', 'vietnamese hip hop', 'vietnam indie']",artist
6fCJf6pkYTHfW1XPc1d4vO,PhucXp,43,62399,"['vietnamese lo-fi', 'v-pop', 'vietnam indie']",artist
0XtC2d9ZVigYA7iMy5YkW0,2pillz,57,54692,"['v-pop', 'vietnamese hip hop', 'vietnam indie', 'vinahouse']",artist
25M5YMbLCbYDSFPhQXYE8c,Onionn.,50,26531,"['v-pop', 'vietnamese hip hop', 'vietnam indie', 'vinahouse']",artist
7fMznGrNJs6H2kZbiqDPgE,Mạc Mai Sương,41,6501,"['vietnam indie', 'v-pop']",artist
27oQp8PzRPJwkkLQvBMEzZ,New$oulZ,41,518,['vietnamese hip hop'],artist
1y28JlO6rDMUB5rkcA4RAh,52Hz,54,168754,"['v-pop', 'vietnam indie', 'vietnamese hip hop']",artist
2dC1IBU9NOD9xsQJ5RE7j7,Puppy,56,62706,"['v-pop', 'vietnamese hip hop']",artist
5xY6E5PMZNtz9jDvxTRiGI,Dangrangto,67,237359,"['vietnamese hip hop', 'v-pop']",artist
0CO1IZAPmgTbkfXvcRCLsL,BAN,52,67860,"['v-pop', 'vietnamese hip hop']",artist
5mPRDRL2rclNaPJXOg56Jy,The Wind,44,1044,"['v-pop', 'vietnamese hip hop']",artist
0F1rSmrNT6sp3LYohgYKsT,Hải Đăng Doo,49,73721,['v-pop'],artist
3KCwCM9okdx5d2iDbIxQ9l,Weeza,46,3916,"['v-pop', 'vietnamese hip hop']",artist
3y6Lfjkrdn5TgkbgDxbpvM,marzuz,55,26703,"['v-pop', 'vietnam indie', 'vietnamese hip hop']",artist
1dwfi5uS5pfQMhAic73Q7L,The Masked Singer,51,286008,['v-pop'],artist
3E0b68wCGYihuHBtlasfm9,Lâm Bảo Ngọc,55,37561,['v-pop'],artist
1JPTuJJ7KzpwcDCOWkEjUb,Boyzed,44,3137,"['v-pop', 'vietnamese hip hop']",artist
2BoU3GzyaG397l5ci1twa9,Shartnuss,47,8201,"['v-pop', 'vietnam indie', 'vietnamese hip hop']",artist
6jiITlNS4hrm3dq90ZDftJ,Tr.D,47,3796,"['v-pop', 'vietnam indie']",artist
2rv0GwxSEWKhz54nLluNhK,Phankeo,47,3794,"['v-pop', 'vietnam indie']",artist
3hRnvEdu1iPyB6EzMBbuZq,Shiki,63,60915,"['vietnamese hip hop', 'v-pop', 'vietnam indie']",artist
2v14NO80QYditUms7sbEIZ,Trung Trần,52,25206,"['vietnamese hip hop', 'v-pop', 'vietnam indie']",artist
05xxXziuRhVsmlSjTD4Soh,Kuun Đức Nam,43,19779,"['v-pop', 'vietnam indie']",artist
6V1SwiosQqf5XvmoTMCGa9,Dear Jane,56,271730,"['cantopop', 'v-pop', 'c-pop']",artist
0gsqfuR0OFF5SSai7lsPrj,Drum7,50,15178,"['v-pop', 'vietnamese hip hop', 'vinahouse']",artist
4KPyQxL1zqEiBcTwW6c9HE,Dương Domic,65,425067,"['v-pop', 'vietnamese hip hop']",artist
04xz9bIBYTIqEpmRvQkfvu,Tyronee,54,8545,"['v-pop', 'vietnam indie', 'vietnamese hip hop']",artist
3oD2yI1g6aT3KawHD8ZYaU,TeuYungBoy,56,26334,"['vietnamese hip hop', 'v-pop']",artist
3rSAej8VUifF02zpsGjsRZ,DONAL,59,2358,"['vietnamese hip hop', 'v-pop']",artist
4wZ6awunqaaVLl5j0WpDFu,"ANH TRAI ""SAY HI""",67,728168,"['v-pop', 'vietnamese hip hop']",artist
5pyjjs1k7keBTqwhkVs7MA,Trần Đăng Dương,47,104,['v-pop'],artist
27RoKwun6jKycKbH2iYUFU,Minh Tốc & Lam,53,24889,"['vietnam indie', 'v-pop']",artist
278CKCgxxVwo5uDEtqOAXZ,Emma Nhất Khanh,15,492,['v-pop'],artist
2m8Bk9or6quybzoQbM0zQt,SlimV,38,1952,"['v-pop', 'vinahouse', 'vietnamese hip hop']",artist
5ZNLJvqIxx52FXoAB8wNtO,BOMATELA,30,765,"['v-pop', 'vinahouse']",artist
7kIg00UV1mRLC4BgfGlCwH,Triple D,36,1031,"['vietnamese hip hop', 'v-pop', 'chilean trap', 'cedm']",artist
5Xn0cJrrcslCWCzPXNTy54,PiaLinh,48,4320,['v-pop'],artist
14RscV8jZp2WBjJMr3SNK9,Ngọc Linh,42,654,['v-pop'],artist
5SrlFeZhl6SkP8gzRcFa0n,Thành Đồng,45,22552,"['vietnam indie', 'v-pop']",artist
2C66lxkyKDigxvf064tVwS,Nguyên Thảo,14,689,['v-pop'],artist
4yPMFGDr3rHwOyyS634Rzd,MTV Band,35,658,"['v-pop', 'vietnamese hip hop']",artist
0aDZC2CPSqgpZwzqrh0DeF,Giang Nguyễn,33,337,"['v-pop', 'vietnam indie', 'vietnamese hip hop']",artist
62GH0ZHWVFD3mfl8FSxPIn,Kim Long,22,90,"['v-pop', 'vietnamese hip hop']",artist
0MNKLsBMKa5KGShgrWgE3B,Cheng,34,1457,"['v-pop', 'vietnamese hip hop', 'vinahouse', 'vietnamese lo-fi']",artist
50bFeIR6ocbNWej3JRhKhz,Kaang,22,300,['v-pop'],artist
4xE2Dw0IPHnCTI2k0u3XvO,Hiền VK,16,66,"['v-pop', 'vietnam indie', 'vietnamese hip hop']",artist
5ptgjFDE2abY6Xwo4ytufN,Vũ Thanh Vân,46,60378,"['vietnam indie', 'v-pop', 'vietnamese hip hop']",artist
6uD33IUwz8hLdIjz6Afcrm,ViAM,39,1357,"['vinahouse', 'v-pop']",artist
0IBUlucigx80io4qV5fQ34,An Vũ,42,41819,"['v-pop', 'vietnamese lo-fi']",artist
4GxnBu03QfkLI9By82WNmh,Sino,42,13862,['v-pop'],artist
5ST4NrWLKpbuV1KLRK3xNL,Vu Trung Quan,32,15937,"['v-pop', 'vinahouse']",artist
5M5drdDVT5lgGWhUO9XsfW,Gin Tuấn Kiệt,41,19859,"['v-pop', 'vietnamese hip hop']",artist
2cVTYSIzatkm0RXjOGsHb4,REX,40,1208,"['vietnamese hip hop', 'v-pop', 'vietnam indie']",artist
7rpD9lGecstoaVj2vGXUex,Công Dương,45,31903,"['v-pop', 'vietnamese hip hop']",artist
3g8l4a4JtYNpYKqSMZMnK0,Hipz,47,3022,"['vietnamese hip hop', 'v-pop']",artist
0K7K6pYpNBSlzeDx9vPVMB,Minh Hang,42,7725,['v-pop'],artist
1G3RcXhj9uV6rBEoWMEB6O,Đồng Ánh Quỳnh,38,794,['v-pop'],artist
09TbfG9329V26zqpb7IQT5,Xuân Nghi,39,14804,"['vietnamese hip hop', 'vietnam indie', 'v-pop']",artist
63jwTPkWEetRzdfaJ31iV7,Hoàng Mỹ An,27,1451,"['vietnamese bolero', 'v-pop']",artist
4DNLpoezq6CHCbbp0JmmHa,Chị Đẹp Đạp Gió Rẽ Sóng,52,20128,"['v-pop', 'vietnam indie']",artist
1owVn9TB2AwdiPqkaD29wX,Nhật Hoàng,43,17356,"['v-pop', 'vietnamese hip hop']",artist
3ETpEKg1jqGY10PtUJSRI1,ICY FAMOU$,36,11333,"['vietnamese hip hop', 'v-pop']",artist
60866JeWZ2YP0iOF1obsqE,Thai VG,40,39598,"['vietnamese hip hop', 'v-pop']",artist
39HlpQmjGAer2XWNh0Ro83,Lãng,43,137706,"['vietnamese hip hop', 'v-pop']",artist
1yWLf9thhwjqScDt6Az4Z9,Tez,38,54612,"['vietnamese hip hop', 'v-pop', 'vinahouse']",artist
5PmlctqlVDrRrF8WNLSgva,DANMY,34,2277,"['v-pop', 'vietnamese hip hop']",artist
3IMLi0C3EgNuwDiksTxiS5,Saabirose,36,7079,"['v-pop', 'vietnamese hip hop', 'vinahouse']",artist
3OqnxNFqPxA4wdByq290TI,Tiêu Minh Phụng,27,3378,"['v-pop', 'vietnamese hip hop']",artist
3gucoX521KgXuoUnRbn0Bn,7dnight,44,15420,"['vietnamese hip hop', 'v-pop']",artist
4WF9GdetrQiLeWDWAISRGa,Shayda,35,7498,"['v-pop', 'vietnamese hip hop']",artist
1NM99SQTX93oCkzvNXWJCf,Double2T,37,103537,"['v-pop', 'vietnamese hip hop']",artist
32coxuQAe9zZCQjK2OiRMb,Hải Bột,27,1036,"['vietnam indie', 'v-pop']",artist
5mPbBOU2KMFfStepNZ027p,OgeNus,47,49089,"['v-pop', 'vietnamese hip hop']",artist
0l9gyu1WOgCfMDrpnwA7et,Đặng Thái Bình,31,4103,"['v-pop', 'vietnamese hip hop']",artist
5J3aJu1LxotI5WXEtTPiHo,Daisy Le Garçon,17,928,"['vietnamese hip hop', 'v-pop']",artist
0cAcRTWMSeuezcHpxInChD,BeepBeepChild,18,618,"['vietnamese hip hop', 'v-pop', 'vietnam indie']",artist
2TUOlHV4KJEuy92UFEGhZb,RZ Ma$,34,286,"['vietnamese hip hop', 'v-pop']",artist
0qAJ604EZMbkbpZ9NN6W6d,WOKEUP,52,18035,"['vietnamese hip hop', 'v-pop', 'vietnam indie']",artist
34kQGP5u5XPuBaWrOg9ko8,Wicper,28,4255,"['new wave', 'v-pop']",artist
72hqDK6esubZU4rnlW0HyQ,ResQ,27,1345,"['vietnamese hip hop', 'v-pop']",artist
3HOSB0samNqhF5rHkCvFoe,Chí,38,10039,['vietnamese lo-fi'],artist
5L6kiKUKCDWxCg3gOKDEMk,Teddie J,29,1329,"['vietnamese hip hop', 'v-pop', 'vietnam indie']",artist
1Z3xp9Er70GeoUjeB77vJc,gung0cay,32,29592,"['vietnamese hip hop', 'v-pop']",artist
5pg3yGxVZg1VTumNeC5QZW,Vantacrow,22,558,"['vietnam indie', 'vietnamese hip hop', 'v-pop']",artist
1jLM6ulW6ldwRWX9smNYmt,267,44,13099,['v-pop'],artist
7pCB93rz0fL0KvmnuN8AI3,NAOMI,36,20199,"['vietnamese hip hop', 'vietnam indie', 'v-pop']",artist
30x6rCQm4CuabePneJLGj7,TDK,32,1198,"['v-pop', 'vietnam indie']",artist
4M3ThS2lwOQLMJdqbKbGeB,Trid Minh,23,497,"['v-pop', 'vietnamese hip hop', 'vietnam indie']",artist
6LBaSwUNOiuHp1WqbdrZO9,Hùng Huỳnh,51,27102,"['v-pop', 'vietnamese hip hop']",artist
7Icw7iVmCgkKkfRrYvlKZU,Thể Thiên,36,6006,"['v-pop', 'vinahouse']",artist
33J4sIJ9vp7KgdKpxXm6z6,Minsicko,47,1203,"['v-pop', 'vietnamese hip hop', 'vietnam indie']",artist
0QRUD41ltP8vhaAIxMZb2H,Lu,46,16779,"['v-pop', 'vietnamese hip hop', 'vietnam indie']",artist
1VdPXTk7MBqZ3sm57D1b1A,2Pillz,34,2270,"['vietnamese hip hop', 'v-pop']",artist
25GQsAhf1lcyEADSbUVv5d,Young H,47,8913,"['vietnamese hip hop', 'v-pop']",artist
57phDlhvoKQ8kcDfNnEEtL,Hồng Sơn,34,1202,['v-pop'],artist
38t6Vs6rCEF4cnICHAGKYL,Đăng Khôi,38,6044,['v-pop'],artist
6uPQqRyJMiXn3lHCh0oJIt,Cường Seven,45,7262,['v-pop'],artist
02PszXDXnYR6tYme0i5vLb,Hawak,23,1148,['vinahouse'],artist
7nrtcNsz7ArP6WbMqW4JYQ,Xuan Tuan,12,233,['vinahouse'],artist
67iEesKynAK85rx8smKhCZ,Tiến Luật,42,610,['v-pop'],artist
1mJGVcicJjUlltZ4okwGhn,traitimtrongvang,33,241,['v-pop'],artist
7zwJ09FAPbh7EJYvwEAqDD,Ân Nhi,36,2584,"['v-pop', 'vietnam indie']",artist
0kpc1QuRnxqMJKvGvvO5f0,Dj TiLo,11,9504,['vinahouse'],artist
2W8eKncv7oF0lp7KUVxndY,1989s Entertainment,18,778,"['v-pop', 'vietnamese hip hop', 'vietnam indie']",artist
5Nilp5UbtfomufnBtJkjpL,Duy Khánh 周周,44,3903,['v-pop'],artist
4sGeCkzfqINvHaWFfeoQJp,Thanh Duy,46,9770,['v-pop'],artist
682nwML92TjNZJwANb63HT,Thien Minh,44,373,['v-pop'],artist
79BbybQeUyNyFB8ghq4neb,Nomovodka,36,4338,"['v-pop', 'vietnamese hip hop', 'vietnam indie']",artist
5wS0UASd1414G9lpEetQHB,Thazh,25,218,['vinahouse'],artist
1br1qwFrzbNkxvisBvJBbe,EVY,34,2964,"['v-pop', 'vietnamese hip hop', 'vietnam indie', 'vinahouse']",artist
2VLOCK5ffcQAuyo30Es0xj,Đinh Tiến Đạt,42,2679,"['v-pop', 'vietnamese hip hop']",artist
1Umpn5klxESWmazGLz8kTw,NSND Thu Huyền,25,12,['v-pop'],artist
1vrJLalQTydLmzJwe3Lw10,Liên Bỉnh Phát,40,2288,"['v-pop', 'vietnamese hip hop']",artist
0hWPa5etsuzHraxEq4xt6U,Hà Lê,45,10439,"['v-pop', 'vietnam indie', 'vietnamese hip hop']",artist
5pZ5gEKudfPA2zXrm7tYB4,Trixidy,26,1124,"['vietnamese hip hop', 'v-pop']",artist
28B3vKmC5FOd2HeYCsTZNC,Đỗ Hoàng Hiệp,40,689,['v-pop'],artist
55YrB6LSt3ZShzAiBXTEcA,$A Milo,36,5787,"['vietnamese hip hop', 'v-pop']",artist
6qVGQ3dlKRvDEqJvnccWmw,KIDDIE,23,153,"['v-pop', 'vietnamese hip hop']",artist
1zWjwwXPteMD3N6CzcJN5B,Kiên Ứng,42,525,"['v-pop', 'vietnamese hip hop']",artist
1L2cMZ3FNyeinGbbTDbB5E,Javix,23,63,"['v-pop', 'vietnamese hip hop']",artist
0t9uiS1glFRk3xuUMUjZZQ,Hà Trà Đá,23,1180,"['v-pop', 'vietnamese hip hop']",artist
5qk5V6WIairfV6qRhscsl9,JC Hưng,33,1241,"['vietnamese hip hop', 'v-pop', 'vinahouse', 'vietnam indie']",artist
4fjrHPHY9k8nHkod463bB5,It's Lee,19,316,"['vietnamese hip hop', 'v-pop', 'vietnam indie']",artist
6w4Cn8sKMa6PYhT91LoTTy,Sony Tran,32,2456,"['vietnamese hip hop', 'v-pop']",artist
1lpVvscZxrQt8OjPrzil54,DCOD,33,4033,"['vietnamese hip hop', 'v-pop', 'vietnam indie']",artist
0S4uPQBjBt0eZAb0xPV3jG,Spidey,21,586,"['vietnamese hip hop', 'v-pop']",artist
2UHHfc0InrWSmUkiuss6f4,RPT JasonDilla,45,6272,"['vietnamese hip hop', 'v-pop']",artist
620SGhgUsNYFnVULyiGCeL,RPT TC,29,910,"['vietnamese hip hop', 'v-pop']",artist
2UmNjakLrkm86OpLFV83Tl,RPT NASTEE,19,118,"['vietnamese hip hop', 'v-pop']",artist
0tThYvMPafMHjXI11IbtZ8,Duy Andy,17,987,"['vietnamese hip hop', 'v-pop']",artist
1gUH71ZCFzPyLoyrSguJe1,Yuno Bigboi,41,17134,"['v-pop', 'vietnamese hip hop', 'vinahouse']",artist
5CBq9YmVCCQWjYvckmP0Jb,Teddy Doox,29,936,"['vinahouse', 'vietnamese hip hop', 'v-pop']",artist
7eZmxwb2uq6A2MXdP2t3wl,RPT Groovie,3,40,['v-pop'],artist
2c9R3FNiPtQyGppNA0yfVq,Nhím Biển,19,12,['v-pop'],artist
3swW6OR2g7qTY3626sqVW4,Cukak,47,193590,"['vinahouse', 'v-pop', 'vietnamese hip hop']",artist
4t1PFc5QgrOBXizLHbulPO,MPaKK,21,481,"['v-pop', 'vietnam indie', 'vietnamese hip hop', 'vinahouse']",artist
5xrDg8oPq8PkkZFk5YK7FB,Zang,19,758,"['vietnamese hip hop', 'vietnam indie', 'v-pop']",artist
0o3J7OHDa35b6AY7Ivj5j7,Muộii,34,4388,['v-pop'],artist
0XtlPZ3IJqNchlYVGBKwqY,Tổ Chức Đánh Thức Trái Tim Rối Ren,11,418,['v-pop'],artist
5HHmWbEwrMcoj1E5KhfQgN,WinD,31,1135,['v-pop'],artist
1uyLcIQ2BeJKbbgLiebVKo,Phan Thiên Ngân,12,16,['v-pop'],artist
4WSI7wik5hJDmYD8f8IjSY,Eddy Việt,23,204,"['vietnamese hip hop', 'v-pop']",artist
26kockH5T01I7qLCFY2N24,KØDEINE,15,451,"['vietnamese hip hop', 'v-pop']",artist
6DKUBH2oqne6sihCrNWKSu,Bueno,21,79,"['vietnamese hip hop', 'v-pop']",artist
25lWD3GaMVnsec74eYE7Qg,Elli'an,17,3,"['vietnamese hip hop', 'v-pop']",artist
18m0CO8nlyfz1yZDKlmGFC,P.A,12,24,"['v-pop', 'vietnamese hip hop']",artist
6zGCV1ZUUdUeWGcKBxQrgH,Misthy,40,435,['v-pop'],artist
56oxFM7GQ14Z02IwpAx1lw,Minstu,31,614,"['vietnamese hip hop', 'vietnam indie', 'v-pop']",artist
2qoHk8oER4tuuQAnLZRKhe,DuongK,34,817,"['v-pop', 'vietnamese hip hop', 'vietnam indie']",artist
2cMw2fHUsnuas3ZJoQhjnL,It's Huy,29,2067,['v-pop'],artist
0u5ikKYYDO2XGyYjNGQRGf,The Flob,46,51832,"['vietnam indie', 'v-pop']",artist
0m4u79BOgeL6y2mnZA9IBf,CHIN,43,1184,"['vietnam indie', 'v-pop']",artist
6uT7bp7jeZwhkYkRVWfL8H,DucMinh,38,5685,"['v-pop', 'vietnamese hip hop', 'vietnam indie']",artist
5WFbYwCCWDArxgBuHonry9,DJ Mie,37,2486,['v-pop'],artist
4TL2YxMevy1F5NBfllZJuA,Gil Lê,36,17365,"['v-pop', 'vietnam indie']",artist
0dOyZaptbuMapmkLoV8PVd,Ngọc Phước,37,133,"['v-pop', 'vietnam indie']",artist
2maFpa4M8FWKvytGzgLhyl,Thảo Trang,39,1905,"['v-pop', 'vietnamese hip hop']",artist
7osYr3sHnwRVKLgzQSQu6D,Minh AK,40,4090,['vinahouse'],artist
3qkLndunlLATOqHJeefh7J,Pinny,23,200,['v-pop'],artist
5H2MNIHdeIHD2W9cXAfuZV,Thu Ngọc,31,420,['v-pop'],artist
7srRuXZ6FxuyXgGennDA70,Hậu Hoàng,36,554,['v-pop'],artist
4rBvN6UImNzcY5abMKdAuw,Tùng Dương,47,30438,"['v-pop', 'vietnam indie']",artist
5AVxfSsSDm8zKAvxRvadEQ,Exclusive Music,42,13627,['vinahouse'],artist
2mx5AAdmlMxMcrcd7AQh1j,Khắc Hưng,32,2574,"['v-pop', 'vietnamese hip hop', 'vietnam indie']",artist
6aaLK4gXFeqjSfpYn4jmow,VP BAVUONG,17,756,"['v-pop', 'vietnamese hip hop']",artist
7BoWXSjd9ItVp9B9CVzKWz,Roy Nguyen,17,490,"['v-pop', 'vietnamese hip hop']",artist
7cYSkQnmIclmgmaWaAtqGO,Benny,15,211,['v-pop'],artist
4kIJkw0gdqzErQ8XpFdiqq,BROWN,33,55,"['v-pop', 'vietnamese hip hop']",artist
22UrMaJjZEJF7jFExxE8bm,Duy Sơn,35,1,"['v-pop', 'vietnamese hip hop']",artist
26GpU9jkhwkZCyWBw6Prbf,KIMLONG,37,1621,"['v-pop', 'vietnamese hip hop', 'vietnam indie']",artist
1UEJKAftO7WTVJhjm98RXC,Đinh Nhật Minh Flute,26,5,['v-pop'],artist
6R5x0FCE48rOtZjazPbRyh,Kim Chi Sun,30,5199,"['vietnamese hip hop', 'v-pop', 'vietnam indie']",artist
0Tj8ibTNylwlCga3oM1uBm,MiQ,33,1835,"['v-pop', 'vietnam indie']",artist
75COYsQ6x6a6Ri8zBWKBlr,MASTAL,31,144,"['vietnamese hip hop', 'v-pop']",artist
3pYWVw3JZ4mb73xm3ngI7C,Kris V,29,166,['v-pop'],artist
4ojQ8Cy1AVup7CZ0OG68eq,Ji Yeon,30,75481,['v-pop'],artist
2F7Jz1oc6c64rzPk6tnwV9,Lor,16,8081,"['vietnamese hip hop', 'v-pop', 'vietnam indie']",artist
4FQ08OkutakaNPvuncmsqv,Dlow,40,32664,"['vietnamese hip hop', 'v-pop']",artist
5iggzY0xY68wNNWXhiPrZz,REDT,41,1036,"['vinahouse', 'v-pop', 'vietnamese hip hop', 'vietnamese lo-fi']",artist
5i4Esojuo3la7x4CpMn6vW,Ý Tiên,39,294,"['vinahouse', 'v-pop']",artist
35cOMHCsCm4SqBHiqtqO2c,Roy P,27,417,"['vietnamese hip hop', 'v-pop']",artist
6kuERXgoQuYGDs0onogMvZ,ICM,44,10208,"['v-pop', 'vietnam indie', 'vinahouse', 'vietnamese hip hop', 'vietnamese lo-fi']",artist
7iPnUabfXY4vLihtfYOonY,Bảo Hân Helia,28,872,"['vietnamese hip hop', 'v-pop']",artist
0MSThXXAv51swAKUOuZg8A,Trương Thảo Nhi,30,3142,"['vietnamese lo-fi', 'v-pop']",artist
4fuj26aBpkWjDCo9ybsV5P,Monotape,30,624,"['v-pop', 'vinahouse']",artist
18qwiOIbQ6YIMrsdPm06x6,Soulient,25,577,"['v-pop', 'vietnam indie', 'vietnamese hip hop']",artist
1BYxA12Ptu7vku1GY4bniO,GPG msmy,30,5334,"['vietnamese hip hop', 'v-pop', 'vietnam indie']",artist
7Lc8DavPnj3mhrlqkaBsY4,quanxmas,16,6,"['v-pop', 'vietnamese hip hop']",artist
3kcYkLL2sI2lCsIW0OS1fu,Jmi Ko,43,334,['v-pop'],artist
3tHHuAuhXiCc1HneD1iytJ,Kriss Ngo,40,4866,"['vietnam indie', 'v-pop', 'vietnamese hip hop']",artist
2dA65NAgJn4n9VxqVGSvk4,Dustee,16,1141,"['vietnamese hip hop', 'vinahouse', 'v-pop']",artist
4BhqWauJSzNu8xEqNsa6Bx,Rein,7,8,"['v-pop', 'vietnamese hip hop']",artist
590fdPpBvFG7T7QNYiG6b5,Magazine,29,1166,"['vietnamese hip hop', 'v-pop']",artist
3ek0Y4jRCSzKoCSewnGNUf,DJ TuSo,19,2597,"['vinahouse', 'v-pop']",artist
1i9boYyWPAZZLSrDcIov6U,Gxxfy,35,970,"['vietnamese hip hop', 'v-pop']",artist
02WSCXAe1ataPrQXoScfaK,Mcredit,20,769,"['vietnamese hip hop', 'v-pop']",artist
2LhBOKigSJoFuqyoy4GlW2,Lucin3x,43,5442,"['vietnamese hip hop', 'v-pop', 'sexy drill']",artist
7KHN9D81AGKzY7bUSL78FA,Liên Quân Mobile,33,7934,"['v-pop', 'vietnamese hip hop', 'vietnam indie']",artist
2q8305j8iKRCQr7Tn6woin,Thanh Bùi,31,10665,"['v-pop', 'vietnam indie']",artist
2NeLcFtt8THLdkfyXXWxoU,HCMC Conservatory Symphony Orchestra,19,15,['v-pop'],artist
1j0txQiFEnQy9cQO0PTl0T,HCMC Traditional Orchestra,17,7,['v-pop'],artist
2KgvVPpQC2PQR0Vtb1zgT9,Thỏ Trauma,30,1775,"['vietnam indie', 'v-pop']",artist
38OwdN8usl5rnYYYK006C3,Quyền Thiện Đắc,25,739,"['vietnam indie', 'v-pop']",artist
1qFNoHMiyMlUsqg4DYX5X8,Làn Sóng Xanh,34,668,['v-pop'],artist
38QmAddjWUR2zKkdp3Oe87,Phát Huy T4,40,43725,"['vinahouse', 'v-pop', 'vietnamese lo-fi']",artist
4xGlS3WQEDARPnl7MduIkQ,Tonny Việt,30,665,['v-pop'],artist
2mrZ4gGfWba9oB1mfm9j90,Lazii,38,1344,"['vietnam indie', 'v-pop']",artist
0RzxSfLRSQmRJ3fFabRMsT,MINH,22,16062,"['vietnam indie', 'v-pop']",artist
1DsxcBE0S8R9btRREUb43A,Liêm Hiếu,18,197,"['vietnam indie', 'vietnamese hip hop', 'v-pop']",artist
13esnaeVdcvWC4Aiy4mrFL,Phạm Hải Âu,5,7,"['vietnamese hip hop', 'v-pop']",artist
4b6YJa43oNQEoGWqilql4m,Pain A.K.A Dai Ca P,15,422,"['vietnamese hip hop', 'v-pop']",artist
1bkEtYsRYvm3mKCzL2X21A,ĐỖ PHÚ QUÍ ,41,13322,"['v-pop', 'vietnamese hip hop']",artist
3o2irfEKlYwaT9uMaIUZjj,DJ Gin,11,58,"['v-pop', 'vinahouse', 'vietnamese hip hop']",artist
2zYISFu1sH67EcFc6ueBwN,Ha Kiem,12,216,"['v-pop', 'vietnamese hip hop']",artist
43qZrcVKZleWlmoBVRBPO8,Hoàng Rob,36,597,"['vietnamese hip hop', 'v-pop']",artist
66KVPHSpvejcXEkiPQ7djq,Lelarec,17,22,['v-pop'],artist
2j3AXmye1FJXoGOXr6tufj,Cá Hồi Hoang,46,216908,"['vietnam indie', 'v-pop', 'vietnamese hip hop']",artist
6HfU0edqFmEwV87kq0D9TJ,OUR SONG VIETNAM,36,3020,['v-pop'],artist
1mmFalFg0MfyklLhv2W7hK,Nimbia,17,559,"['vietnamese hip hop', 'v-pop', 'vinahouse', 'vietnam indie']",artist
1XeMw22FKMPIjQIkyV3yDN,Tuấn Cry,50,3538,"['v-pop', 'vietnamese hip hop', 'vinahouse']",artist
204u7fdJOUtQk2tMppK8m0,Mina Young,22,3469,"['v-pop', 'vietnamese hip hop']",artist
6eUUjjYb09fbBMwsyRFaSt,Nhật Nguyễn,27,347,"['vietnamese hip hop', 'v-pop']",artist
40sNxijTOeMVc8osrueLNw,CM1X,47,7517,"['v-pop', 'vietnamese hip hop']",artist
4NWh1VEbymD3S6774EbK2Z,Phong Max,39,52396,"['vinahouse', 'v-pop', 'vietnamese lo-fi']",artist
31XPgU2AGW3PtX56F7SG8K,Sambi,16,1160,"['vietnamese hip hop', 'v-pop', 'vinahouse']",artist
3tPhATqpWFeuaZEmPMKvu1,Pjnboys,30,5275,"['vietnamese hip hop', 'v-pop', 'vinahouse']",artist
3U8Nx0ha0eSOGoUoAhLG2a,VINA BẤT DIỆT,29,1327,['vinahouse'],artist
2KdZvVbpFK2Bb9U3sTC2vT,Yến Tattoo,16,1284,"['v-pop', 'vinahouse']",artist
2ZtffdcxTFHQhYa3HlNbTl,Chung Thanh Duy,29,6002,"['vinahouse', 'v-pop', 'vietnamese hip hop', 'vietnam indie']",artist
2mpSmbp35mvG7ig3cg1jEj,Diệu Nhi,29,3606,['v-pop'],artist
3qUc9jd1knrpqhoO6wJCCR,Hank,39,4775,"['v-pop', 'vietnamese hip hop', 'vietnam indie']",artist
3yJJKoIlf2LfUPdyv2YzQa,KADO.,29,838,"['v-pop', 'vietnamese hip hop']",artist
3Ovt66opVihLuIvPhlceI6,Trang Pháp,36,14464,"['v-pop', 'vinahouse']",artist
1XO2u0sx6W0yNLUYZmPPmq,Ninh Dương Lan Ngọc,25,15206,['v-pop'],artist
5bMwwJZX9bBFAMTbqIHig7,Huyền Baby,27,4580,"['v-pop', 'vinahouse']",artist
0HjNcRzFHIoXQ8gSoWuluC,Đoan Trang,17,915,"['v-pop', 'vietnamese bolero']",artist
5Hc8hQf5TtLt1qoayn3FCm,H'Hen Niê,18,1622,['v-pop'],artist
0C3duj9xxmFsM8NBh7pWPG,Diane Phuong Dai,2,65,"['vietnamese bolero', 'bolero']",artist
7jDwP75Zhyf1HUtVJmf6Lg,Duy Trường & Tường Nguyên & Tường Khuê,1,52,"['vietnamese bolero', 'bolero']",artist
26fKwRAH2LJZqHhuIj6px1,Host Nguyên Khang,27,747,['v-pop'],artist
11XSPXCG3UqDtI8ymG2NX3,Nguyễn Đình Tuấn Dũng,27,1933,['v-pop'],artist
5KGgAxYWMoCJduQhLpIH4v,Phương Phương Thảo,41,24605,"['vietnamese bolero', 'bolero', 'v-pop']",artist
46pRX5iggdh6HzbdYUN6OB,Hương Thơ,1,14,['v-pop'],artist
40N72MrdhXm9Dk0xLWeZN1,Minh Thuận,14,3089,"['v-pop', 'vietnamese bolero']",artist
72RJ0YGU1V1AMr6E3lqeKV,Tuệ Phương,26,2046,"['vinahouse', 'v-pop']",artist
4MWItn3y7WaophGqHDzK8J,Phương Diễm Huyền,22,1068,"['vietnamese bolero', 'bolero', 'vinahouse']",artist
3PBrDm5UndmRpcJD2jx97l,Siu Black,8,2643,['v-pop'],artist
2JcSmVY5VN6lERs5CBm0z8,Phương Hồng Ngọc,5,87,"['vietnamese bolero', 'bolero']",artist
3E9lm1Mzje2DauQeNVzNE3,Phương Hoài Tâm,1,21,"['vietnamese bolero', 'bolero']",artist
4JTjvap7y8AE0AMCH2f6kt,Studio Party,18,1154,['v-pop'],artist
2CKRs4B2q15H0gk423a3jw,Justin TechN9,18,152,['vinahouse'],artist
7BWNm2hXOL9wEuinNnWpxy,7UPPERCUTS,39,94151,"['vietnam indie', 'v-pop', 'vietnamese hip hop']",artist
7uCZuhOdsb84a1hi91fNLi,Nguyễn Phúc Thiện,10,22,['v-pop'],artist
3i3qw0A3lkUrMyFpDmbM9X,Only Phan,1,15,['v-pop'],artist
4nc540EIvBpitjdOIyTuGT,DIMICHI,12,200,['v-pop'],artist
72lhAORN3XQgtYADoggLRH,1 9 6 7,43,186785,"['vinahouse', 'vietnamese lo-fi', 'v-pop', 'lo-fi']",artist
6S3KWLM3HmnzLFKCWRvemD,LVT,4,1133,['vinahouse'],artist
0b68vXEHFuQP71O9FOESra,Huy Vạc,42,38007,"['vinahouse', 'v-pop', 'vietnamese lo-fi']",artist
5vrXKqUiZLbSZeYNicywAR,GUANG,45,1605,"['vinahouse', 'v-pop']",artist
2xrL3zn7cCvLhsVia0cq8d,JK Cover,37,162,"['vinahouse', 'v-pop']",artist
15BdWDB7smcW5zPsl26u44,Ngô Anh Đạt,32,21753,"['vietnamese lo-fi', 'vinahouse', 'v-pop', 'lo-fi']",artist
6zgEpUvcUQ0FGahIxzrAnD,Guang,39,1468,['vinahouse'],artist
2mYrvZz0fllkkUnZishGE4,GreenD,29,2911,"['v-pop', 'vinahouse', 'vietnamese lo-fi']",artist
62GMhABXxUBGxvaS62fxs6,Chu Thúy Quỳnh,41,26197,"['vinahouse', 'v-pop', 'vietnamese lo-fi']",artist
2LX2SKJhvZjyH4Z7XMptjd,Quang Đăng Trần,38,15589,"['vietnamese lo-fi', 'v-pop', 'vinahouse', 'lo-fi']",artist
6HaRFcGE0OIbGpWbfyPVD0,ACV,47,11444,"['vinahouse', 'v-pop', 'vietnamese lo-fi']",artist
4l4lGT2rWPuEJpdVvC8KMM,Orinn Sped,39,26822,"['v-pop', 'vinahouse']",artist
6hAJSs1BJmWdXo4K7Lexah,Gia Huy,34,6666,"['vinahouse', 'vietnamese bolero', 'v-pop', 'traditional music']",artist
4mRbd3BbVFIV5pEOBri77R,H-Kray,39,16245,"['vinahouse', 'v-pop', 'vietnamese lo-fi']",artist
7kSmS2G15QIw8rllwGex9r,Fishy,40,6827,"['v-pop', 'vietnam indie', 'vietnamese hip hop', 'vietnamese lo-fi']",artist
1UiYsRqDfauFxKwgIbhYzm,SIVEN,42,123,['v-pop'],artist
15qIW0R8ys6DkGKygGnMEN,Kiều Chi,40,10907,"['v-pop', 'vietnam indie']",artist
37yCp3F1wG0gNrnaLkIdDV,Đậu Tất Đạt,39,1268,"['v-pop', 'vietnamese hip hop', 'vietnam indie']",artist
4joNWs26XgMPKcV4hJ03hr,Tuyên,29,1712,"['v-pop', 'vietnamese hip hop', 'vietnam indie']",artist
3b9X80MVzyRQFuqfvYlYXN,Star Remix,4,69,['vinahouse'],artist
34skMsQAi9DLvYmN5JyI2r,Minh Wise,13,331,['vinahouse'],artist
0X9ppz0tn5cKp8YkR9TsyX,Toxic Dope,16,473,"['vietnamese lo-fi', 'v-pop']",artist
4p0TIEmgyGRqatB0A2jhvr,KProx,30,20079,"['vinahouse', 'vietnamese lo-fi', 'bolero', 'vietnamese bolero', 'v-pop', 'lo-fi']",artist
6rft2G10uzF7CAdbqnnrDu,Thưởng Thỏ,16,198,"['vinahouse', 'vietnamese lo-fi', 'v-pop']",artist
1jjmZBGpBwooBC8x2i2PH7,Quanvrox,25,2661,"['vietnamese lo-fi', 'v-pop']",artist
14nwdfm0BMb5KyhjNJ9QEH,Mùa Nhạc Cũ,17,184,"['vietnamese lo-fi', 'v-pop']",artist
1jNf9GkUpMP7uFjFzyGMYY,Khôi Phạm,10,18,"['vietnamese lo-fi', 'v-pop']",artist
6dAMyqUYjCSNb585srU0Mp,Duzme Music,40,6038,"['vinahouse', 'v-pop']",artist
4HWvmA6esWWsVPhNRZh5yP,Bunny Beat,10,339,"['vinahouse', 'v-pop']",artist
3Tj7XcmyIgp17oj1phVCI4,Dilan Vũ,21,194,['v-pop'],artist
24MfNlk8lf7eyrnpeJIjkd,Qinn Media,43,61381,"['vinahouse', 'v-pop']",artist
5knV4qcUt2qmTmJYy7jGem,Ngọc Kayla,33,3456,['vinahouse'],artist
3mfeNLyBFo96FwAqdyRhLU,DC Tâm,42,7003,"['vinahouse', 'v-pop']",artist
6dOUgHJVL7A6aH8uilE6zK,Ngọc Ánh,34,286,['v-pop'],artist
261ROoWRl7BIb1UURaMLV3,Thuý Hiền,31,33,['v-pop'],artist
0bumIz1y6b6OurYMtWZukb,Châu Tuyết Vân,34,241,['v-pop'],artist
3aNNLN3eA61vXaGEmDO9vs,N.T.B,34,28,['v-pop'],artist
4lKt7qxpIuYkwvjESTRFBB,Maitinhvi,36,50,['v-pop'],artist
1RWwtxXnYninjXOkgunJqb,Trấn Thành,29,13108,"['v-pop', 'vietnamese bolero']",artist
0v4ZbSvY35WpYvPV3HoYqD,NewL,26,39,"['v-pop', 'vietnamese hip hop']",artist
1uXHYAZLyOQY5qaM1crBNK,Nguyen Van Chung,36,2848,"['v-pop', 'vietnamese bolero', 'vinahouse']",artist
7yRDcF8kWO70GsJC71wmJv,Ngọc Mai,29,12411,['v-pop'],artist
6oybSleM3QZUnFwWPCMaIE,Ha Phuong,19,17,"['vietnamese bolero', 'bolero']",artist
133DtECuxhaUZQHJXZFkoT,Nhữ Thùy Dương,4,178,['v-pop'],artist
6pbEZvsDqs2SGANNddwtOi,boum,21,1625,"['vietnam indie', 'v-pop']",artist
13EvlEb1o6wmn6dFfWLuoq,Duc Tri,25,2064,['v-pop'],artist
217Nr9bkjfqEujVxKYJWKh,BEAR MUSIC GROUP,26,41,['vinahouse'],artist
6s0n62AimhVflC6bqeSs4K,Kaity Nguyễn,8,84,"['v-pop', 'vinahouse']",artist
2rkSOVm1YGlmjYTgmmfZd7,datfitzx,34,1086,"['v-pop', 'vietnamese hip hop', 'vietnam indie']",artist
196qGzmjvUJDtjKjO2604d,Du Uyên,38,5258,"['vinahouse', 'v-pop', 'vietnamese hip hop']",artist
7wavTvPU70oUAxGnTEBnw9,Hoàng Green,33,1378,"['v-pop', 'vietnamese hip hop']",artist
2EoBAFpN3PNWiBktMgEMY9,DATWEE,31,225,"['vietnamese hip hop', 'v-pop']",artist
1RjKFLLJgFi3rkuojsFO8s,Đạt Long Vinh,29,4676,"['bolero', 'vietnamese bolero', 'vinahouse', 'vietnamese lo-fi', 'lo-fi']",artist
2ipMqlG0XTQbUbu7W0FnBm,Thành Đạt,39,17052,"['v-pop', 'vinahouse']",artist
1m8EOH3PWa22EUbKRkOXiR,Sol'bass,31,876,"['vietnamese hip hop', 'vietnam indie', 'v-pop']",artist
0ocO9wD6nzLDn1HCwTmioM,Joka3iz,10,732,['vietnamese hip hop'],artist
2GKrqpvSTDRFPHWha43p46,Mikeezy,13,113,['vietnamese hip hop'],artist
6XjvU9kELBUUYjW1QM68RT,Worm JB,7,338,['vietnamese hip hop'],artist
1BfR0BlYBhvyNDwJ0oWw8A,Cá Nóc,16,355,['vietnamese hip hop'],artist
1XlJB5SQSQTN5YoqJ15sAN,H2K,45,55858,"['vinahouse', 'v-pop', 'vietnamese lo-fi', 'bolero', 'vietnamese bolero']",artist
2yA249IhLfSGsuuLAHRHkV,Datz,8,68,"['vietnamese bolero', 'bolero']",artist
2liSd71HdTJbIfyWEKHnWV,dubbie,23,2520,"['v-pop', 'vietnamese hip hop']",artist
5JZMuCGmrvheDprjeYYCmA,Feliks Alvin,27,995,"['vinahouse', 'v-pop', 'vietnamese hip hop']",artist
7DSbFoeSH8Q0JahSwax20N,Haozi,32,2346,['vinahouse'],artist
7Af3wGgL2tRZt5MBihes8M,RINV,31,1110,['vinahouse'],artist
7sxSmvFspSmM7mIFnk0mdB,Ho Trung Dung,20,8488,"['v-pop', 'vietnamese bolero', 'vietnamese lo-fi']",artist
0WTq44We1hgk44exLV0pFc,Uyên Pím,29,2301,"['vietnam indie', 'v-pop', 'vietnamese hip hop']",artist
4KfiEpUuc1oAiztTMj7XMC,Tuấn Khanh,13,155,"['vietnamese hip hop', 'v-pop']",artist
76fm2NyyYS5cjegkXhVAlL,LVK,45,2298,"['vietnamese hip hop', 'v-pop']",artist
7iPTxzfZ1OG4gNiWU64nmk,Mcee Blue,45,1612,"['vietnamese hip hop', 'v-pop']",artist
1iVDAS7uGjPmHGNxhNmJdI,Marlykid,41,168,"['vietnamese hip hop', 'v-pop', 'sexy drill']",artist
1CAp3NsMuJQzbPPQ4cduSg,Flava Sati,36,112,"['vietnamese hip hop', 'v-pop']",artist
3unhO6qR1h6msBm7QSUdPF,SpideyBoy,46,5577,"['vietnamese hip hop', 'v-pop']",artist
3hBfMuC62vRVHe0Mn7TifR,BABY $MOKE,27,198,"['vietnamese hip hop', 'v-pop']",artist
7gEQqbqTbLERkIkmXi55MF,Right Tee,3,29,['v-pop'],artist
0ZDirTwCdmoL4RpbXxiRvj,Max Benderz,33,2225,"['vietnamese hip hop', 'v-pop']",artist
31tcsz1SJ59GeQQEJeKuvZ,Hổ,34,2088,"['v-pop', 'vietnamese hip hop', 'vinahouse']",artist
4GXb7n8f0NkmnoPdy0faOD,RPT Spidey,30,5,"['vietnamese hip hop', 'v-pop']",artist
0eM9FVpbKx2ZvUOWDHXbUO,BB Trần,43,967,['v-pop'],artist
4OKQjRy7OiJO3kQSKTbmS7,Duy Nhất,34,158,['v-pop'],artist
3zW7vLqAkLW000GP22Jntw,NSND Hữu Quốc,18,0,['v-pop'],artist
3C07XozDHUUvAuRO5gdq8J,Van Quynh,18,67,"['v-pop', 'vietnamese bolero']",artist
0n9PLnVvJELlNf5Lkk7vQ5,Lê Thành Trung,21,34,['vinahouse'],artist
1Gm45JaOS9vp7DsB51yDWq,Tùng Acoustic,21,3446,"['v-pop', 'vietnam indie']",artist
2HKcCNSqqFO9k5GPNy1oQ3,NH4T Media Music,42,12191,"['vinahouse', 'v-pop']",artist
3PbORjiSknQaKsHv3bWC5W,StillaD,7,4,['v-pop'],artist
2eAhGkapmUkHwLNq2aPXmF,VieZ - Vũ Trụ Nhạc Phiêu,6,91,['v-pop'],artist
4byRkBoypIvr9uKJEku0zA,NH4T Remix,36,5151,"['vinahouse', 'v-pop']",artist
3E3VtUZsU5Ci439SjOdCd0,antransax,32,1322,"['vietnam indie', 'v-pop', 'vietnamese hip hop']",artist
5gfQbUvWUkA77GzQudtMpZ,Queen B,26,1441,"['v-pop', 'vietnamese hip hop']",artist
1TdtsDVivxc6PpkQdNuXdR,Tùng,51,83745,"['vietnam indie', 'v-pop']",artist
6kRuMeWznsiXAIF2GriqkF,mess.,22,2715,"['vietnam indie', 'vietnamese hip hop', 'v-pop']",artist
2nO3NsrkKhV3cBI7X1wYbb,LostOwl,17,528,['v-pop'],artist
0JkfirEBER65Ny2jL0540c,DXY,24,1440,"['vietnam indie', 'v-pop', 'vietnamese hip hop', 'vinahouse']",artist
3npM0ZkW5qRUL5Y7ihHRrU,Tenkitsune,28,13153,"['future bass', 'vietnamese hip hop']",artist
5amt5wnRc8EmPoBouDo0UG,Mlee,26,5093,['v-pop'],artist
7uXCUuu6fSPufd58fU5sET,Diệp Lâm Anh,23,3690,['v-pop'],artist
6j99LxXXXNqNqU6ymq4r0U,Mạnh Đồng,9,294,"['vietnamese bolero', 'bolero']",artist
4uqZAHbX45ygzxhxkRwTwR,Bệt Band,21,5757,"['vietnam indie', 'v-pop']",artist
29edUL1uQAUDr6sqxUAR6I,Huy Lee,35,900,['vinahouse'],artist
6r20N9knjoQP5oIgs0wtxe,Ness,25,2244,['vinahouse'],artist
6gXUsziOuoRCgmtm62Nrny,Linh Ka,24,10743,['v-pop'],artist
6JRuUnmpB62Sj7paroflvI,RAP VIỆT REMIX,21,409,"['v-pop', 'vinahouse', 'vietnamese hip hop']",artist
65IEN7G4gAE2rmrhxKpQET,Thái Hoàng,31,42630,['vinahouse'],artist
6g3bL4X0AL1gbrV7McgDsx,Ngọc Kara,24,350,"['v-pop', 'vinahouse']",artist
5ZkrehkR7dFjN0S1JPFqir,Hằng BingBoong,33,1099,"['vinahouse', 'v-pop', 'vietnam indie']",artist
3f7Dr7qtAJutrBV8mjozhh,Hạnh Sino,33,1440,"['v-pop', 'vinahouse', 'vietnamese hip hop']",artist
75Wi0x254QEzFGccujOv5V,Trendy Nhân,17,1049,['vinahouse'],artist
55ULkaUtsNxh4hZ16uL7tU,Vũ Tarus,7,0,['vinahouse'],artist
6KkrIwhLq0X7NHpqaLGzJW,Lee7,10,424,"['vietnamese hip hop', 'v-pop']",artist
5NmzQW92NxuFys5qplsBIU,Phương CD,6,2,['v-pop'],artist
7pes7Xfq80zq4eG62y3U78,DrBL,6,0,['v-pop'],artist
5n6soHMPeSbjaXoZbGV75f,Annie,15,6031,['v-pop'],artist
6MPaveFtN4R5TQUzKRHZBL,Tiến Tới,19,2592,"['vinahouse', 'vietnamese bolero', 'v-pop']",artist
4539G4DSGrcl883tds8RkU,Vũ Ngọc Anh,36,75,['v-pop'],artist
3BQ9IbOueWNi7MID8uB9XR,Jase,29,156,"['v-pop', 'vietnamese hip hop']",artist
2NYFphd3cUQ5pLEVLaBP9L,GiGi Hương Giang,34,7928,"['v-pop', 'vietnam indie']",artist
275KG0jezF4cng8bZmuk8q,Lê Ngọc Châu Anh,20,897,"['vietnam indie', 'v-pop']",artist
337jGAhZm8nqw6BhdtnhsA,Không Gian Cảm Xúc,21,1021,['v-pop'],artist
2On1AttsXmKgNtvtHr6Ey4,Phu Nho,4,232,"['vietnamese hip hop', 'v-pop']",artist
3eVRIcs5It7zV5sMc7O1hT,Truyền Hình FPT,20,3720,['v-pop'],artist
77VlWOeQSeqUgCWIWpVci2,Đoàn Minh Vũ,18,13,['v-pop'],artist
6MfxIvog91k5HZwzWjt01J,MOPIUS,44,16575,['v-pop'],artist
48jb2emYU9rezLH92AcjU5,Luny Vũ Duy Anh,25,87,"['vinahouse', 'v-pop']",artist
4jQE4LkOgSBdX0iZkPupTn,Daa Major,22,421,"['v-pop', 'vinahouse']",artist
7oqfBry2GPU5vnXNH2f5Sd,LUNY,20,182,"['v-pop', 'vinahouse']",artist
7sQXvtKYBH0aZtRt7YaDvl,Young Ju,13,101,['v-pop'],artist
5sK9cYMRqNOdY9Og2DKAgs,H2O Remix,49,93183,"['vinahouse', 'v-pop']",artist
56Co2SGThKPUXkVbLKykrM,Thành Trung,33,193,['v-pop'],artist
1LizFsdyfdlEJlah6l88PU,Neko Lê,39,6482,"['v-pop', 'vinahouse', 'vietnamese lo-fi', 'vietnamese hip hop']",artist
0QofcPIiFvbPRSgCzF42BX,TiLo,25,5212,['vinahouse'],artist
12tinEee4PMrFElJZxzbaM,TH BAP,11,56,"['vinahouse', 'v-pop']",artist
0qjAQ0Oz4GK8wnbez2TmCJ,Isan,8,46,['v-pop'],artist
1Tjort23chzMKJA6X8wFlL,Lê Bảo,35,19087,"['vinahouse', 'v-pop', 'vietnamese hip hop']",artist
7E4u2CbTv2fxJ1icOJoABa,Ông Cao Thắng,28,3849,['v-pop'],artist
0RJnd3uAsxwgyicVqjjiJj,H.A.T,26,97,['v-pop'],artist
0va0d4S89QpwDbKAAVGZjf,Avin Lu,24,1204,"['v-pop', 'vietnam indie']",artist
3KOY56OWknrjoyAO1F6wXG,Hưng Cacao,12,212,['v-pop'],artist
0ZG3U0kfmAxNJF717Jbz7C,VRT,32,970,"['v-pop', 'vietnamese hip hop']",artist
21trGUfOb8qkRjI4EyF1qm,Mỹ Mỹ,29,4045,"['v-pop', 'vietnamese hip hop']",artist
3oenw7Ee1orqPBkkbp3Smg,Turn Hirn,9,8,"['v-pop', 'vietnamese hip hop']",artist
5YtxFNj1nNvPhd9SMsn684,ZLAB,25,628,"['v-pop', 'vietnamese hip hop']",artist
0gNlSfGp7s6Wg0H2cJIzno,Jang Mi,9,1838,['v-pop'],artist
70swmqj7c3SHkkdf2SrSUy,LyHan,32,619,['v-pop'],artist
3HDvjWBZO7L6wQ0ExZ7muK,Shin Hyun Woo,18,715,"['k-ballad', 'v-pop']",artist
2xLXVvHpq6D84ZttZeS7c1,SHADY,11,72,"['vinahouse', 'k-rock']",artist
7pNeKzRW0R0lXR7rL7qWd3,guHancci,17,2500,['vinahouse'],artist
7cQySxReeKV6Kn1w7tRegz,Khánh Jayz,23,1368,['vietnamese hip hop'],artist
5bUnRZWUA9CM5LslsXfg6n,Ryco,11,1431,['vietnamese hip hop'],artist
1qXFzKLLCpOKJZKXBC2eyA,DJ AM,27,248,['vinahouse'],artist
2sI9anhnOeD3Fc52f3YQ6u,Bác Sĩ Khoa,7,34,['vinahouse'],artist
2yaRah4LLM3I84XnSHU4Am,Young Uno,0,31,['vietnamese hip hop'],artist
7cabplISz4uuq1k7cVbdKU,Gizmo,20,542,"['vietnamese hip hop', 'v-pop']",artist
7jjAcAWAtaWi4YkG71Io7S,Nah,17,1925,"['vietnamese hip hop', 'punk rap']",artist
23p4qk2CrHy1mfVD8VVUHQ,Nguyệt Anh,18,310,['vietnamese bolero'],artist
2kWp8w4YblyUqMNIMWSQ1z,Kỳ Phương Uyên,19,5220,"['vietnamese bolero', 'v-pop']",artist
46eYlws2VfnJJsyPk4cP7o,Hino,30,1403,['v-pop'],artist
055tKHSCudU5z9QjDbxUox,Tony Hoàng Anh,12,163,"['vietnamese hip hop', 'v-pop']",artist
5RbdA5BHJeiJFt4JSKyTFY,Xander Quỳnh,9,150,['v-pop'],artist
6L5dF5WAnuGf1nbPAUN0GP,Bảo Kun,19,559,['v-pop'],artist
3MZmokiIjkEBQ6uAb0NRDo,Đức Duy,5,149,['v-pop'],artist
2allCk1wLDJ83U5OMTCaUV,The Balcony,3,44,['v-pop'],artist
67SfZJn4duJVXeVyjhOQni,HuyTran,5,74,['v-pop'],artist
69b3wAh06ngvbRYCuz3BLG,AEP SIMON,7,69,"['vietnamese hip hop', 'v-pop']",artist
2ieNWkzlko0Ca1d9qaqogs,Hoàng Hồng Ngọc,3,23,['v-pop'],artist
3lzgi4Wa9CvyHxoITRn6Yd,Hiền Mai,4,197,['v-pop'],artist
61zFKDVaWl8PIIyDwKdJXt,Hiền Anh,3,56,['v-pop'],artist
5Kh9AXpgyEn33fnWnnH4wG,Tống Linh Linh,4,21,['v-pop'],artist
0XXsDvZGaRpOTStVpuTEst,Cao Bá Hưng,18,3089,"['vietnamese hip hop', 'v-pop']",artist
7zeb4BEgpeNz3jy4AOz7HK,Bùi Hoàng Yến,3,42,"['vinahouse', 'vietnamese hip hop', 'v-pop']",artist
0oVPpOTgU2D9tKzQLwf8uB,Huy Thái,14,123,"['vinahouse', 'vietnamese hip hop', 'v-pop']",artist
6T2tebSVgZCSAquyv1nhwy,R.I.C.,10,21,"['vietnamese hip hop', 'v-pop']",artist
1vOML13uotk05ZL74GUtO8,P01son,3,5,['vietnamese hip hop'],artist
2W7PcTauGcugFZvraAqFOl,16 Dsloth,2,244,['vietnamese hip hop'],artist
14uCRlJbVhzFFxmZ7zzCmy,Original D,0,1,['v-pop'],artist
1jLYYT9QNuDI4zz4Ky9fyq,TINLE,30,1193,"['v-pop', 'vietnamese hip hop']",artist
58nQJQXZXQ33zwoovyHDVR,Duy Tuan,6,704,"['vinahouse', 'v-pop', 'vietnamese hip hop']",artist
44LmSDOUyhIM0OKbEiy5QK,Lamian,15,68,['v-pop'],artist
0HqNIZwtUtRM5FEuXrdZWf,Wang An Nan,17,945,"['vietnam indie', 'vietnamese hip hop', 'thai pop', 'v-pop']",artist
5RiAPQ4fpNGYxMWT74EOHG,G-Family,13,4478,['vietnamese hip hop'],artist
2GArxmZZYPKHA2iFAVa7pL,ACY,15,2020,['vietnamese hip hop'],artist
6a2HlEBitf6DvSbGaRyyPU,Đoàn Thúy Trang,33,2626,"['v-pop', 'vietnam indie']",artist
6xDaSKkOUfOxR5HCf6Gmq7,Hồng Dương,22,377,"['vinahouse', 'v-pop', 'vietnamese lo-fi']",artist
4CAMZT1Zry5a9wdRKxRKBg,Cường Lê,3,48,"['vietnam indie', 'vietnamese hip hop', 'v-pop']",artist
4IhSSd6Jm0S26OVdhQrAAp,Hà Linh,6,61,"['vietnam indie', 'v-pop', 'vietnamese hip hop']",artist
5cKzrehxjeMzh9aahJ8oyj,New Media,30,14715,['vinahouse'],artist
7Bs3lV6vY7QYI6Ed0RkSWs,Cừu Bông,23,1000,['v-pop'],artist
72LLiDCylhkxp2NQnesTAE,Vy Dương,15,709,"['v-pop', 'vinahouse']",artist
2yT9yRYRWEC22aqXEa6vBu,Sterry,25,123,"['vinahouse', 'v-pop']",artist
5Oy8zRNFImMUeoAxjbT7Bj,KAIZ,50,10484,['vinahouse'],artist
6pYrL6H11sEmjp5ZJytWmK,Liz Kim Cương,29,2603,"['v-pop', 'vinahouse']",artist
6LILNyIuxnQmeo1i2iW2Rt,MEGAZETZ,18,515,"['vinahouse', 'vietnamese hip hop', 'v-pop']",artist
3390uPUNzPpul33JUzucBE,HNGTOOM,11,63,"['vietnamese hip hop', 'vinahouse', 'v-pop']",artist
2y83sgdSt6FCvmGdaxnKPj,J Jade,13,669,['v-pop'],artist
7nZ97fCmqv4FoADCJZkll8,Wack,14,199,"['vietnamese hip hop', 'v-pop', 'vinahouse']",artist
03UysjOtanYHmkx6pRiPWr,Andy Vu,7,362,['v-pop'],artist
5fZISrWpU2tsvIzkxxad72,Hyarways,38,18302,"['vietnamese lo-fi', 'v-pop', 'lo-fi']",artist
5G8ovEmWH243SKKJ0KSZj8,IndieK,26,10196,"['vietnamese hip hop', 'v-pop']",artist
65d2rn78XJ1xpeFfbeWXmF,STRANGE H,24,9085,"['vietnamese hip hop', 'v-pop']",artist
1aVkG16ZfTc5XJ9qP7ti7i,Tọi,30,10909,"['vietnamese hip hop', 'v-pop', 'vietnam indie']",artist
54IU8kLmtPCEuatDHJdpqx,KymLeez,21,132,"['vietnamese hip hop', 'v-pop']",artist
15RKeJqxSbkcmwkBFoALjs,Mây Bae,22,1037,"['v-pop', 'vietnamese hip hop']",artist
53ihJWLYwcilyIVxGivztG,Hale,19,3042,"['vietnamese hip hop', 'v-pop', 'vietnam indie']",artist
1K90lslp04EFnCGLv2edKQ,D.A,22,880,['v-pop'],artist
29xtwCxmznSC9QPikI0GtZ,Minh Cà Ri,28,1455,"['vietnam indie', 'v-pop', 'vietnamese lo-fi']",artist
4j8ovS4KtDcGGvVq0dd51G,NamKun,16,1702,"['vietnam indie', 'v-pop', 'vietnamese hip hop']",artist
1XvyPBBABdLVpc4WHCgw60,PAM,11,146,['v-pop'],artist
22Mtl6ngzJFggCu9WuXsLp,Leo.1,5,136,['v-pop'],artist
10Vh55OOiguHa5Yo7w0UL9,Đồng Lan,26,1332,"['vietnam indie', 'v-pop']",artist
2FJ1Gw2JxIVbKuNxthkvBf,Quỳnh Anh,25,1333,"['vietnam indie', 'v-pop']",artist
0iyMn5y6Y5p4E8Okh9ciHg,Mimetals,19,2142,"['vietnam indie', 'v-pop']",artist
3Myoe574gxIKLU5bKqjkFk,Ân ngờ,39,13710,"['v-pop', 'vietnam indie']",artist
2Jk4p7LgyfgScSMChOC9Pp,Suzie MK,38,465,"['v-pop', 'vietnam indie']",artist
62WhadRyBmRJO56wP9oyPz,Zer Nguyễn,41,4106,"['v-pop', 'vietnam indie']",artist
0NPrS1NOx6rxhDZ4ujNDB7,Nguyễn Hải Phong,27,2515,"['v-pop', 'vietnamese lo-fi']",artist
2a8CbNT5XhhygZtuAg3PdT,Nguyễn Kiều Oanh,19,351,['v-pop'],artist
1AgB1RkxZOp5XcCDfvVLUS,Nguyễn Minh Cường,20,502,['v-pop'],artist
5qD2nQUbCbLj1JHhSJEj5w,Nguyễn Hoàng,29,1000,['vinahouse'],artist
1heTgCxvRC1wZB70JIYWZc,Hải Nam,21,702,['vinahouse'],artist
0uV9wXh91Nuk5YHYqlkVup,Phạm Lịch,33,7778,"['vinahouse', 'v-pop']",artist
3WiXng4O0h1Hzx1OHE7Hdf,tinywrist,10,401,['v-pop'],artist
1Nym4K1ewbdN8mcp5lClSD,minhmin,19,585,"['vietnam indie', 'v-pop']",artist
2uCakPZuXrU9BRGBUWj9oo,Urabe,13,166,['vietnamese hip hop'],artist
4qUaWOfUkpVho3uRUuFoQI,NamLee,35,6183,"['vietnamese lo-fi', 'vietnamese hip hop', 'v-pop', 'vietnam indie']",artist
0MMvhtfFn1izZ6EeSSPBQW,VoVanDuc,35,9457,"['vietnamese hip hop', 'vietnam indie', 'v-pop', 'vietnamese lo-fi']",artist
6R32a18xdPbCLJVEBovV8r,Nguyễn Thành Viên,11,713,"['vietnamese bolero', 'bolero']",artist
2WsPMoehCL8kjZFi79g9pO,Út Nhị,24,1263,"['vinahouse', 'v-pop', 'vietnamese bolero']",artist
5ZRHI0BGJe7gRcE6MCabuz,Pmars,16,122,['v-pop'],artist
68ABig0QgaMNv6iQC4fno1,Bikay,15,94,['v-pop'],artist
2mnGSe7NUCWyRVrkb262qT,Nguyễn Phúc Hậu,18,1313,['v-pop'],artist
5juoTQHU9G3dqtUmHUpIVY,Do Thuy Khanh,9,333,['v-pop'],artist
6r0Mz869mK8UbyTV5a6XlD,MetaPlay,10,77,"['vinahouse', 'v-pop']",artist
50swyNRwhADokDcp7v7K5O,Notcool,33,2966,"['vietnam indie', 'v-pop']",artist
743kOxzIuTrJ5Mr7OBMViF,Nam Cocain,25,276,['vietnamese hip hop'],artist
3Ik733blVNzyxrZrjgXlOx,Lona,23,4414,"['v-pop', 'vietnamese hip hop']",artist
75mHOiQ69uIP1OdE6uAmiD,Enkey,10,520,['vietnamese hip hop'],artist
215RNJqxT5Pp6zFgKGidlS,An Coong,25,11930,['v-pop'],artist
5kT9ftAJylK1roRMcdcsw2,LAMOON,23,318,['v-pop'],artist
23PRaG11QvFkqWv48dkE52,Rabbit Run,12,17,"['vietnamese hip hop', 'vietnam indie', 'v-pop']",artist
2vPlE1DDgY5t1TbeNuBqdd,Badbie,6,130,['v-pop'],artist
61ydMyohF67xBZmWSPA3YQ,Chọn gì? Chọn đi!,38,996,['v-pop'],artist
5amkTZNGJFQWyIUQqjj7JX,HERA Ngọc Hằng,8,121,['v-pop'],artist
4DM85Ti97Sm3eUa1Ibh8Mo,Linh Phi,7,25,['v-pop'],artist
77cxePv4j5WiWNxptnDoVF,Leo Hee,3,0,['v-pop'],artist
5CN2xwAabhVITdKuFs4NLe,DSmall,16,3857,"['vinahouse', 'v-pop']",artist
5GyWMNp5jujs9kr6qsx2FB,H2O Vinahouse,43,12346,"['vinahouse', 'v-pop']",artist
6YdeJQN8W4lJO8afHzUhFq,Thanh Thảo,25,3482,"['vietnamese bolero', 'v-pop', 'vinahouse', 'bolero']",artist
7qwISlzdncUfdy3NjGXN96,H2O Houselak,23,501,['vinahouse'],artist
4O4YmPEvAA5L77cZYdzdcq,yangg slowed,5,308,['v-pop'],artist
14UQ3bCr2KDVIyJrke6R0N,Quang Đông,5,22,['v-pop'],artist
0T8DkuhhFhdWAMN0bdeLL7,Lil Zpoet,43,43444,"['vietnamese lo-fi', 'v-pop', 'vinahouse']",artist
29ne3bBJemJYxz7N6EWJaS,Đức Anh,25,896,"['vinahouse', 'v-pop']",artist
6Z17QdVLZVlDxZRtqzN0bf,Huyền Anh,20,43,"['vinahouse', 'v-pop']",artist
1dm0F6bc96vbMWFy5pz8UR,MeMe Media,45,1883,"['vinahouse', 'v-pop']",artist
5gGVniqlle0PavKpdawRzs,AnhVu,33,2741,"['vinahouse', 'vietnamese hip hop', 'v-pop']",artist
3hlJ2qli6WvQaJ1FqyTP02,Kiều Anh,41,923,['v-pop'],artist
4zsLzIgDJCYqT3n4niCluC,Snoop Dee,14,3626,"['v-pop', 'vietnamese hip hop']",artist
4LgSTRt283X2BPVTm5aDWn,Nàng Tiên Hoa,4,70,['v-pop'],artist
1hmAASPr3Njk1PEWCYTVdF,Nhựt Trường,31,902,"['vinahouse', 'vietnamese lo-fi', 'v-pop']",artist
0TOkAHuy2QmeEaMxLhUbDI,Hoàng LV,12,50,['v-pop'],artist
0wweVzqB8coX65KtdNAavq,Domino,38,197,"['vinahouse', 'v-pop']",artist
3fLHhjutcrdkn7R3hS1oxz,Hayho,25,460,['v-pop'],artist
2XMyMrUgnWcMlSuJJaWXtN,Khang.,27,346,"['vietnam indie', 'v-pop']",artist
4s1DRFQAYnDvXmKYFBUcYa,Thành Luke,34,29710,"['vietnam indie', 'v-pop']",artist
2YJjdbWUlFUPMyveMVft5k,Khải,34,12802,"['vietnamese lo-fi', 'v-pop', 'vietnam indie']",artist
0wKz3F2HKch6VGay3wh1Ej,Juongb,11,1989,"['vinahouse', 'v-pop', 'vietnamese hip hop']",artist
0ZaycHvJKSc6XetSWKcqT4,NQP,3,216,"['vietnamese hip hop', 'v-pop']",artist
6GHS9xzuPqmM4BRUkvsXXj,Quỳnh Nga,11,1610,"['v-pop', 'vinahouse']",artist
3twpsLWV2KQF1C1WgaXzfP,Kevin Sôcôla,1,11,['v-pop'],artist
4n5ffhJQnreA8J21hPoHfX,RefundBand,22,248,"['vietnamese hip hop', 'v-pop', 'vietnam indie']",artist
1ZzPug9XYmrUFbP406pJqW,Rastz,27,413,"['vietnamese hip hop', 'vietnam indie', 'v-pop']",artist
0ZGqXJYwseYBJvBvw4KICh,S-Fury,7,509,['vietnamese hip hop'],artist
21if3t2qWHeSBbd9JqBppF,M.Hanh,7,211,"['v-pop', 'vietnamese hip hop']",artist
3tOuxcivapwjf88TPCdRFs,Cao Mỹ Kim,2,89,['v-pop'],artist
68liNhhMSjX4rjhcDxdrWw,Bang Di,2,147,['v-pop'],artist
5L1ZPhj07XFzh2SPkAukTS,Khánh Tiên,0,1,['v-pop'],artist
0f4BlfC2FFK88pJuFPIBkL,Hoàng Kỳ Nam,1,79,['v-pop'],artist
4CqNhpneipMYOiPwmeFJo9,Huynh Phan Trong Quynh,1,15,['v-pop'],artist
5ADHeQio4nFRvgCKbVli4m,Miko Lan Trinh,2,101,['v-pop'],artist
2cKAEkWBpi8mNbjaL4361s,Renja,20,23288,"['vietnamese hip hop', 'v-pop', 'vinahouse']",artist
20SWHOa8VlqP3j31WKWr2k,Spyder,16,74,['vietnamese hip hop'],artist
2kMBXLxdwOEx4G3dYUNMkj,Khoa Wzzzy,22,150,['vietnamese hip hop'],artist
78BCjtPwVVmrolLWLArPaX,MegaShock,22,2782,"['vietnamese hip hop', 'v-pop']",artist
5RuSGtPKej1ES1LFcRwrJF,Be.A,10,248,"['vietnamese hip hop', 'vietnam indie', 'v-pop']",artist
4Q5DdSdn5v7ot3UdMIH90H,Lonie,16,1066,"['vietnamese hip hop', 'v-pop', 'vietnamese lo-fi']",artist
0RNJke5chpO15cS5ugADcm,Ducth Music,16,80,['vinahouse'],artist
0wHTEpPXZK0SQE329iHGyA,Toann,7,535,['vinahouse'],artist
5QdG7vwkhDqurhzX6pyaLK,Dương Hùng Sơn,19,444,"['v-pop', 'vinahouse']",artist
3eWWKcc07vz4dghL63VHFY,Rayo,35,2852,"['v-pop', 'vinahouse']",artist
3JPA9pTALs9r0W4wZuyHUg,Bảo Vân,26,926,"['vinahouse', 'v-pop']",artist
0MlTK6GQD8zU4hf9LLj4ia,Đinh Tùng Huy,40,23184,"['vinahouse', 'v-pop']",artist
6zeKVdSTPwM0o0m0RiJPpS,Quý Nhỏ,20,248,['vinahouse'],artist
2tQ0caRvEKWcvLk7HCOjMl,Jay Bach,28,1483,"['vietnamese hip hop', 'v-pop', 'vietnam indie']",artist
284Kopvh7L7NCkz00VFbqt,LeWiuy,28,390,"['v-pop', 'vinahouse', 'vietnamese hip hop']",artist
2Xaj2baPCf8NFIG74V2Z80,Squid Inc,19,8,['v-pop'],artist
3fXhqSEjrFX7BYBQz4Nwnh,Nevatrash,20,238,['v-pop'],artist
1K3Oc9Q3wYgZANTcpsRq3C,Catchellers,31,1878,"['v-pop', 'vietnam indie']",artist
5BvG46pJjsubbOQpc83sUi,Minchu,14,710,"['v-pop', 'vietnamese hip hop', 'vietnam indie']",artist
2GFbIax8VZLFzOIUBSMaBg,Di Di,16,2711,"['v-pop', 'vietnamese hip hop']",artist
25PilakcHJVYBi2onpxxtI,Longg,20,766,"['v-pop', 'vietnamese hip hop']",artist
5W890TKSqnIFLIULvfkAzW,The Fillin,24,2308,"['v-pop', 'vietnamese hip hop']",artist
6V2hxt1eky76f5uVIdGjVF,Redshine,5,128,"['v-pop', 'vietnamese hip hop']",artist
6mBBguyEawXsIXiHvTd4MD,Dang Minh,36,279,"['v-pop', 'vietnamese hip hop']",artist
4yx3BsXxY9l6BRyStNIB8y,MYLINA,37,7100,['v-pop'],artist
4NKeJPVrlhASY3FXkQsLGn,fueled by boba,39,1577,"['v-pop', 'vietnam indie']",artist
6AtLReUOkIQtMqNzjG3XIh,Long.C,1,183,['v-pop'],artist
1Wbl66TTQmUmcNJhtcZkmT,HiếuK,7,46,"['vinahouse', 'v-pop']",artist
0HhRjPFqN1sqrUpJA7NuDe,TUYEN VO,36,936,"['vietnamese hip hop', 'v-pop']",artist
6oKcjjdZyw5MWchQaO9Lpk,Taikeith,8,137,"['melodic rap', 'vietnamese hip hop', 'v-pop']",artist
5yOpyy8jX6SR06H80Esect,Zuy,13,128,"['vietnamese hip hop', 'v-pop']",artist
0XnvuKk4tgAlEjjPV833eK,CangCang,5,120,"['vietnamese hip hop', 'v-pop']",artist
2dS7UBhWnNulqF6vSUzKpA,Anfang,31,1769,['v-pop'],artist
4sINCxDCDH4xtnXzmzqhVJ,Tibicon,23,1624,"['vietnamese hip hop', 'vinahouse', 'v-pop']",artist
2BFV20BAhrBwA3oEHyNv5P,Kean,12,351,"['vietnamese hip hop', 'v-pop']",artist
5Jk7SzMPndOgU1jfKzF25S,LIL G,4,28,['vietnamese hip hop'],artist
49xfNJ1T52Uv87QiVhRbTf,Hoāng,31,8525,"['v-pop', 'vietnam indie', 'vietnamese hip hop']",artist
0lOPmkwXmuXtoRBiv795jo,Nguyễn Hồng Giang,3,363,"['vietnamese hip hop', 'v-pop']",artist
1MFskXJIdZaWnRjnamRRyP,D CROWN,4,32,['v-pop'],artist
09pDLc11jZN8ECK9dz4r2K,Tuyết,32,1619,"['vietnam indie', 'vietnamese hip hop', 'v-pop']",artist
1nnurxLnveaxMpWn9I2Gk5,Mr Shyn,11,266,"['vietnamese hip hop', 'v-pop']",artist
2RlqbCVLAyXBprZrmnjkDq,2Can,31,8660,"['vietnamese hip hop', 'vietnam indie', 'v-pop']",artist
7JYvtUIBcGDPeh79HNDaf3,CHANEE,25,2621,"['vietnamese hip hop', 'v-pop', 'vietnamese lo-fi', 'vietnam indie']",artist
0Xdh4oLzLFDUuUwhuRmv6g,NAMVEE,15,177,"['v-pop', 'vietnamese hip hop']",artist
2gugq8LTugkTfMNQKiO7sK,Trang Hàn,29,28126,"['vietnam indie', 'v-pop']",artist
07LWLCMrOvbuOIEUh0UgHB,Laye,6,78,['v-pop'],artist
5DB2wwf7FU3lwBSiDquDhY,thrasherboiz,2,23,['v-pop'],artist
7sP2J9KYd1AV4c9nfev5xI,BeeBB,12,369,['vinahouse'],artist
5GO5kjNmrTCHh4Zhp8Ptax,RZ Mas,4,3,['v-pop'],artist
0TyjKFdzG3FDcOFkXlyP8u,RBA CLUB,1,13,"['vietnamese hip hop', 'v-pop']",artist
6V7FQsEghJubR2fGMEm0Kb,GEN JI,4,803,"['vietnamese hip hop', 'v-pop']",artist
3DFJYJycIIbpZlwLSb4Szu,Ngọc Thanh Tâm,36,51,['v-pop'],artist
0We6FybaRNC3InZwnhiH2J,CeCe Trương,20,384,"['v-pop', 'vietnam indie']",artist
6BLc7t4KaJGJXuRlUgUNgx,NSND Bach Tuyet,14,860,"['v-pop', 'vietnamese bolero']",artist
7M1tyPcETy1KG3zlXaJLty,Specter,15,199,"['vietnam indie', 'v-pop', 'vietnamese hip hop']",artist
47PZaNb1fF8yn3nwHWMpXh,P$Mall,12,261,"['vietnamese hip hop', 'v-pop']",artist
5lREsvNzIZ57BPZ4Q51SEV,Brother A Tuấn Anh,4,152,['v-pop'],artist
3bGdiA40gWJwHy3IsAT8Gf,Willdawind,6,117,"['vietnamese hip hop', 'v-pop']",artist
0ZIJokI7PUnSoUqPumMbTv,Galaxyy,25,279,"['vietnamese hip hop', 'v-pop']",artist
2Oe4Ph9qsKEktkkl2fCSOg,Sukai,2,57,['v-pop'],artist
6PJjcfIGXdqNhjXpCKTEFr,Young Tulo,12,495,"['vietnamese hip hop', 'v-pop']",artist
3TSeZzdLZf6eyYZx23KFC8,Smokele,22,527,"['vietnamese hip hop', 'v-pop']",artist
3IM5XlUeNUajNZw7n2mIUM,NowB,9,282,['vietnamese hip hop'],artist
0hM5KB727wZz4CkzLKxGpU,MKid,9,783,['vietnamese hip hop'],artist
2J4G7Undz4fJJiQhBV6TZ0,Alex Lam,22,810,['v-pop'],artist
3AnK8Vk9ShlL5osVmpAKKx,TYO Ly ,13,922,"['vietnamese hip hop', 'v-pop']",artist
4OqYnPUq6VwNMacIwwbWGw,Khoa Vũ,34,918,"['vietnam indie', 'v-pop']",artist
0axAywC6N1oXIqe4HQL2Gw,Nguyên,45,50963,"['v-pop', 'vinahouse', 'vietnamese hip hop', 'vietnam indie']",artist
1FTyDLNQFIES677l00FdzD,JokeS Bii,29,1076,"['v-pop', 'vietnamese hip hop', 'vinahouse']",artist
7HOheQB1ZDr2TWKxU7HQxg,Trang Anh,23,128,['v-pop'],artist
3fM2WF0qY1Ip9ffVvOzhjo,Hoàng Thống,28,11188,"['vietnam indie', 'v-pop']",artist
6KEi4a6Yw4sAHsdYZ3ZmKG,Benly,21,884,['vietnamese hip hop'],artist
7ARoCnjLwvO9WuDz69mFJn,YBF LUCI,19,865,['vietnamese hip hop'],artist
0eWFlECKPgx2kSN7K5e46j,soulju.,18,536,['vietnamese hip hop'],artist
4KVv7ziCrtWWB6K0RPr2XD,Thành Draw,22,4991,"['vietnamese hip hop', 'v-pop']",artist
6WhZ9F4Zx45ATLyeKpQ5sT,TIEU SON,25,817,"['vietnamese hip hop', 'vietnam indie', 'thai hip hop']",artist
5vy7KHbScwY5IJs6bzIZnd,Kim Nguyen Martian,11,736,['vietnamese hip hop'],artist
2RTF7MrLWGQJQRwVzg0fDz,Đỗ Nguyên Phúc,32,4318,"['vietnamese lo-fi', 'v-pop', 'vinahouse', 'lo-fi']",artist
5QbDgpkghCaWjJywjbJnoG,NB3 Hoài Bảo,41,49895,"['vietnamese lo-fi', 'vinahouse', 'v-pop', 'lo-fi']",artist
4bvfBwk7P6u7mvXkaKu1Hy,Quinn,34,12205,"['vinahouse', 'v-pop', 'vietnamese lo-fi']",artist
5qezoIN1LR4ePe08Bz8H0Q,DuUyen,15,1010,"['vinahouse', 'v-pop']",artist
4mVk10ulshxfn0yRO491IE,KHOA,32,1768,"['vietnamese hip hop', 'v-pop']",artist
4IBkKTx3IJ2TLHpn6H9FKg,Night T,23,1249,"['v-pop', 'vietnam indie']",artist
2WCb99VwcaEJXORWyr4lFf,BNAT,19,123,['v-pop'],artist
3ymuVFLSS5P2PCK5aOmhEB,Lập Nguyên,34,12700,"['v-pop', 'vinahouse']",artist
6OX2h0HXN8oN2tb2pmYOby,Tùa,36,11353,['v-pop'],artist
4GFQ39C6ZEaqEsyGJggcVW,Phan Yến Nhi,19,740,"['vietnamese lo-fi', 'v-pop', 'lo-fi']",artist
7KrTirt6Yx5t11NWcJWIJL,Khanh Le,4,3,"['vietnamese hip hop', 'v-pop']",artist
5cwjcKFdWd2cvHba39EhM9,Thai Viet G,5,497,['v-pop'],artist
5UqCUf9astg1rOuTdqo8L2,Stay Winning C-Roc,13,574,['vietnamese hip hop'],artist
3TzUmfvdBgvrCwcgLvHFfk,CaoTri,26,4592,"['vietnamese lo-fi', 'vinahouse', 'v-pop']",artist
6zOVCw3nQ3Yjs6uzNVF2OQ,SimonC,33,6820,"['v-pop', 'vinahouse', 'vietnamese lo-fi']",artist
2l6JnuA4jf2M5OTxmrEdAH,Fous,30,859,"['vietnamese hip hop', 'v-pop', 'vietnam indie']",artist
0XqppHVqDhLwMDOUmE4rRK,Tony D.,18,1130,"['vietnamese hip hop', 'v-pop']",artist
5PycWaugD9Q5dyWytEihtR,Lil Tian,19,896,"['vietnamese hip hop', 'v-pop', 'vinahouse']",artist
6PYvE0Z3AWRSXTCLU1bNQA,Phan Ann,10,3107,['vietnamese hip hop'],artist
0pMeFg23KHwo8ESS3NI7r8,2See,2,53,['v-pop'],artist
1LWIfPUXhr58QErWoxp68q,Ragakov,14,454,['vinahouse'],artist
1P2aQqtDVPtTkwz5qepxUN,BP Bounce,10,251,['vinahouse'],artist
3zdUGR8FbgncGtojn3DIKt,KayN,19,349,"['vietnamese hip hop', 'drill']",artist
4HOm37irsRwVEddNx6d0lq,Lửa,34,7416,"['vietnamese hip hop', 'v-pop', 'vinahouse', 'vietnamese lo-fi', 'vietnam indie']",artist
3NtqIIwOmoUGkrS4iD4lxY,THEREON,20,6787,['vinahouse'],artist
6pBtdDN3A7Xaw1tqVqcSZJ,Uyennhi,14,589,"['vietnam indie', 'v-pop', 'vietnamese hip hop']",artist
5dHwpDn3tuIBxgNV33yFgS,Yang,14,896,['v-pop'],artist
2jYpvQezm2EtSlHxmxENDD,Wind.P,10,1730,"['vinahouse', 'v-pop']",artist
4RR2ofH1pcSrybxdQVZLr7,MINHPHAM,23,862,['vietnamese hip hop'],artist
0TDuXIrLHXPYbWPXbD0LRZ,V.Music,23,350,['v-pop'],artist
1vHY0HztdnDYKIUB7bkVkb,Hana Cẩm Tiên,39,43798,"['vinahouse', 'v-pop']",artist
3my3hZk9u3cSTB1jfRm1Oz,TVk,34,26971,"['vinahouse', 'v-pop']",artist
2HNrRDIIIhlr49I1d39u52,Van Q. Long,12,48,"['v-pop', 'vietnamese bolero']",artist
0jFz5Fa0pFuiTZsvJXBMVI,Vân Quang Long,17,15295,"['v-pop', 'vietnamese bolero']",artist
2jWegXHHrtnIybdI3gdS7P,Tuan Quynh,15,486,"['vietnamese bolero', 'bolero']",artist
1b5vsEIamSveO3xe3oEMsT,Ca Ca,10,432,['v-pop'],artist
1Lwn6T7n3PbLW0UjTLRL8S,Phạm Minh Thành,17,370,"['v-pop', 'vietnam indie']",artist
4QMfcnEXvC8em7c5bzNQtd,Phương Phạm Guitarist,21,2453,"['vietnamese bolero', 'bolero']",artist
30qnydcYuxGSEsGcgHQh9u,Hà Kino,10,410,['v-pop'],artist
4jjlkymytJsQNy5tAXUPeq,Tú Vi,10,853,['v-pop'],artist
3mAay4lwZOLZMoTEYHcPCY,Sinike,28,2896,"['v-pop', 'vinahouse', 'vietnamese hip hop']",artist
38OHJAmOeV6oKGiHTI73Nh,Hương Lý,3,136,['v-pop'],artist
0OzWJ833Wac4o3SAh38s7i,Xám,41,19708,"['vietnam indie', 'vietnamese hip hop', 'v-pop', 'vinahouse']",artist
3nQIlmGkxvwm2kZ1ueopqx,Bí Nhe,26,757,"['vietnamese hip hop', 'vietnam indie', 'v-pop']",artist
6FCF4ljKz7tzcsOyUExpS7,Bạn Có Tài Mà,32,40002,"['vietnamese hip hop', 'v-pop']",artist
7oz714xNCkpbvDe2xvwrKk,DICKSON,36,11550,"['v-pop', 'vinahouse']",artist
4AlGM5tqrgv15j74Ww6Gqo,Lê Chí Trung,26,493,"['vinahouse', 'v-pop']",artist
79jy4md11w90FLgTNEOw22,Anh Khơ Me,19,1105,['vietnamese hip hop'],artist
5jVifNLHcruYqkXXrHlZq2,Bibo,24,100,"['vinahouse', 'v-pop']",artist
1orAHHTBWJzyBWdqtnNk3H,Drasta,7,203,"['vietnamese hip hop', 'v-pop']",artist
0uujlZ3ZqFabsl6dztOMC7,Dusky,19,269,"['vietnam indie', 'v-pop']",artist
2OJLpCVTRcsQ4ZTOpk2q2b,Paine,3,38,['vietnamese hip hop'],artist
1tsvQ6YDIsBe8J7PnaTKO1,TATUDA,2,75,['v-pop'],artist
0oR2FUZrC5r3beWB7QGDI2,Mikelodic,21,357,"['vietnamese hip hop', 'v-pop']",artist
12pqcr5EEQGh6MLMNEZCfT,Bi Shady,0,24,"['vietnamese hip hop', 'v-pop']",artist
